Workbook

Sheet Home
D7: (nazwa spółki oraz NIP)
D13: (data dostawy)
D17: (tutaj zacznij pisać)

Sheet koniec serii
J6: Dane logistyczne | N6: Ilość zamawianych
N7: opakowań
O8: 0 | S8: DMC0001
I9: =INDEX(Wsad_Ofertowy[#Data],MATCH(S8,Wsad_Ofertowy[Kod],0),21) -> 10 | J9: sztuk w opakowaniu
J10: KONIEC SERII
D11: =INDEX(Wsad_Ofertowy[#Data],MATCH(S8,Wsad_Ofertowy[Kod],0),4) -> Z 399 aniołek | G11: {=INDEX(Wsad_Ofertowy[#Data],MATCH(S8,Wsad_Ofertowy[Kod],0),'Generowanie podsumowania zam'!$U$1)} -> 2.99 | R11: =I9*G11*O8 -> 0
E12: =INDEX(Wsad_Ofertowy[#Data],MATCH(S8,Wsad_Ofertowy[Kod],0),5) -> 5907702531991 | G12: cena za szt. | R12: wartość zamawiana
J17: Dane logistyczne | N17: Ilość zamawianych
N18: opakowań
O19: 0 | S19: CZNI0607
I20: =INDEX(Wsad_Ofertowy[#Data],MATCH(S19,Wsad_Ofertowy[Kod],0),21) -> 9 | J20: sztuk w opakowaniu
J21: KONIEC SERII
D22: =INDEX(Wsad_Ofertowy[#Data],MATCH(S19,Wsad_Ofertowy[Kod],0),4) -> Z 470 zalewany | G22: {=INDEX(Wsad_Ofertowy[#Data],MATCH(S19,Wsad_Ofertowy[Kod],0),'Generowanie podsumowania zam'!$U$1)} -> 4.39 | R22: =I20*G22*O19 -> 0
E23: =INDEX(Wsad_Ofertowy[#Data],MATCH(S19,Wsad_Ofertowy[Kod],0),5) -> 5907702531038 | G23: cena za szt. | R23: wartość zamawiana
J28: Dane logistyczne | N28: Ilość zamawianych
N29: opakowań
O30: 0 | S30: ZAJA0352
I31: =INDEX(Wsad_Ofertowy[#Data],MATCH(S30,Wsad_Ofertowy[Kod],0),21) -> 8 | J31: sztuk w opakowaniu
J32: KONIEC SERII
D33: =INDEX(Wsad_Ofertowy[#Data],MATCH(S30,Wsad_Ofertowy[Kod],0),4) -> Z 467 ZŁ | G33: {=INDEX(Wsad_Ofertowy[#Data],MATCH(S30,Wsad_Ofertowy[Kod],0),'Generowanie podsumowania zam'!$U$1)} -> 6.52 | R33: =I31*G33*O30 -> 0
E34: =INDEX(Wsad_Ofertowy[#Data],MATCH(S30,Wsad_Ofertowy[Kod],0),5) -> 5907702525242 | G34: cena za szt. | R34: wartość zamawiana
J39: Dane logistyczne | N39: Ilość zamawianych
N40: opakowań
O41: 0 | S41: ZAJA0463
I42: =INDEX(Wsad_Ofertowy[#Data],MATCH(S41,Wsad_Ofertowy[Kod],0),21) -> 8 | J42: sztuk w opakowaniu
J43: KONIEC SERII
D44: =INDEX(Wsad_Ofertowy[#Data],MATCH(S41,Wsad_Ofertowy[Kod],0),4) -> Z 467 sr | G44: {=INDEX(Wsad_Ofertowy[#Data],MATCH(S41,Wsad_Ofertowy[Kod],0),'Generowanie podsumowania zam'!$U$1)} -> 6.52 | R44: =I42*G44*O41 -> 0
E45: =INDEX(Wsad_Ofertowy[#Data],MATCH(S41,Wsad_Ofertowy[Kod],0),5) -> 5907702525242 | G45: cena za szt. | R45: wartość zamawiana
J50: Dane logistyczne | N50: Ilość zamawianych
N51: opakowań
O52: 0 | S52: ZAJA0440
I53: =INDEX(Wsad_Ofertowy[#Data],MATCH(S52,Wsad_Ofertowy[Kod],0),21) -> 5 | J53: sztuk w opakowaniu
J54: KONIEC SERII
D55: =INDEX(Wsad_Ofertowy[#Data],MATCH(S52,Wsad_Ofertowy[Kod],0),4) -> Kulka B. SR | G55: {=INDEX(Wsad_Ofertowy[#Data],MATCH(S52,Wsad_Ofertowy[Kod],0),'Generowanie podsumowania zam'!$U$1)} -> 5.99 | R55: =I53*G55*O52 -> 0
E56: =INDEX(Wsad_Ofertowy[#Data],MATCH(S52,Wsad_Ofertowy[Kod],0),5) -> 5907702534619 | G56: cena za szt. | R56: wartość zamawiana
J61: Dane logistyczne | N61: Ilość zamawianych
N62: opakowań
O63: 0 | S63: ZAJA0441
I64: =INDEX(Wsad_Ofertowy[#Data],MATCH(S63,Wsad_Ofertowy[Kod],0),21) -> 5 | J64: sztuk w opakowaniu
J65: KONIEC SERII
D66: =INDEX(Wsad_Ofertowy[#Data],MATCH(S63,Wsad_Ofertowy[Kod],0),4) -> Kulka B. ZŁ | G66: {=INDEX(Wsad_Ofertowy[#Data],MATCH(S63,Wsad_Ofertowy[Kod],0),'Generowanie podsumowania zam'!$U$1)} -> 5.99 | R66: =I64*G66*O63 -> 0
E67: =INDEX(Wsad_Ofertowy[#Data],MATCH(S63,Wsad_Ofertowy[Kod],0),5) -> 5907702534626 | G67: cena za szt. | R67: wartość zamawiana
J72: Dane logistyczne | N72: Ilość zamawianych
N73: opakowań
O74: 0 | S74: CZNI0718
I75: =INDEX(Wsad_Ofertowy[#Data],MATCH(S74,Wsad_Ofertowy[Kod],0),21) -> 8 | J75: sztuk w opakowaniu
J76: KONIEC SERII
D77: =INDEX(Wsad_Ofertowy[#Data],MATCH(S74,Wsad_Ofertowy[Kod],0),4) -> Z 499 zł | G77: {=INDEX(Wsad_Ofertowy[#Data],MATCH(S74,Wsad_Ofertowy[Kod],0),'Generowanie podsumowania zam'!$U$1)} -> 5.99 | R77: =I75*G77*O74 -> 0
E78: =INDEX(Wsad_Ofertowy[#Data],MATCH(S74,Wsad_Ofertowy[Kod],0),5) -> 5907702530147 | G78: cena za szt. | R78: wartość zamawiana
J83: Dane logistyczne | N83: Ilość zamawianych
N84: opakowań
O85: 0 | S85: CZNI0717
I86: =INDEX(Wsad_Ofertowy[#Data],MATCH(S85,Wsad_Ofertowy[Kod],0),21) -> 8 | J86: sztuk w opakowaniu
J87: KONIEC SERII
D88: =INDEX(Wsad_Ofertowy[#Data],MATCH(S85,Wsad_Ofertowy[Kod],0),4) -> Z 499 sr | G88: {=INDEX(Wsad_Ofertowy[#Data],MATCH(S85,Wsad_Ofertowy[Kod],0),'Generowanie podsumowania zam'!$U$1)} -> 5.99 | R88: =I86*G88*O85 -> 0
E89: =INDEX(Wsad_Ofertowy[#Data],MATCH(S85,Wsad_Ofertowy[Kod],0),5) -> 5907702530154 | G89: cena za szt. | R89: wartość zamawiana
J94: Dane logistyczne | N94: Ilość zamawianych
N95: opakowań
O96: 0 | S96: CZNI0708
I97: =INDEX(Wsad_Ofertowy[#Data],MATCH(S96,Wsad_Ofertowy[Kod],0),21) -> 8 | J97: sztuk w opakowaniu
J98: KONIEC SERII
D99: =INDEX(Wsad_Ofertowy[#Data],MATCH(S96,Wsad_Ofertowy[Kod],0),4) -> P 99 krzyżyk sr | G99: {=INDEX(Wsad_Ofertowy[#Data],MATCH(S96,Wsad_Ofertowy[Kod],0),'Generowanie podsumowania zam'!$U$1)} -> 6.6 | R99: =I97*G99*O96 -> 0
E100: =INDEX(Wsad_Ofertowy[#Data],MATCH(S96,Wsad_Ofertowy[Kod],0),5) -> 5907702531120 | G100: cena za szt. | R100: wartość zamawiana
J105: Dane logistyczne | N105: Ilość zamawianych
N106: opakowań
O107: 0 | S107: CZNI0740
I108: =INDEX(Wsad_Ofertowy[#Data],MATCH(S107,Wsad_Ofertowy[Kod],0),21) -> 7 | J108: sztuk w opakowaniu
J109: KONIEC SERII
D110: =INDEX(Wsad_Ofertowy[#Data],MATCH(S107,Wsad_Ofertowy[Kod],0),4) -> P 97 zł | G110: {=INDEX(Wsad_Ofertowy[#Data],MATCH(S107,Wsad_Ofertowy[Kod],0),'Generowanie podsumowania zam'!$U$1)} -> 7.15 | R110: =I108*G110*O107 -> 0
E111: =INDEX(Wsad_Ofertowy[#Data],MATCH(S107,Wsad_Ofertowy[Kod],0),5) -> 5907702529462 | G111: cena za szt. | R111: wartość zamawiana
J116: Dane logistyczne | N116: Ilość zamawianych
N117: opakowań
O118: 0 | S118: CZNI0634
I119: =INDEX(Wsad_Ofertowy[#Data],MATCH(S118,Wsad_Ofertowy[Kod],0),21) -> 8 | J119: sztuk w opakowaniu
J120: KONIEC SERII
D121: =INDEX(Wsad_Ofertowy[#Data],MATCH(S118,Wsad_Ofertowy[Kod],0),4) -> Z 498 sr | G121: {=INDEX(Wsad_Ofertowy[#Data],MATCH(S118,Wsad_Ofertowy[Kod],0),'Generowanie podsumowania zam'!$U$1)} -> 7.15 | R121: =I119*G121*O118 -> 0
E122: =INDEX(Wsad_Ofertowy[#Data],MATCH(S118,Wsad_Ofertowy[Kod],0),5) -> 5907702528038 | G122: cena za szt. | R122: wartość zamawiana
J127: Dane logistyczne | N127: Ilość zamawianych
N128: opakowań
O129: 0 | S129: CZNI0796
I130: =INDEX(Wsad_Ofertowy[#Data],MATCH(S129,Wsad_Ofertowy[Kod],0),21) -> 7 | J130: sztuk w opakowaniu
J131: KONIEC SERII
D132: =INDEX(Wsad_Ofertowy[#Data],MATCH(S129,Wsad_Ofertowy[Kod],0),4) -> P 91 róża SR | G132: {=INDEX(Wsad_Ofertowy[#Data],MATCH(S129,Wsad_Ofertowy[Kod],0),'Generowanie podsumowania zam'!$U$1)} -> 7.24 | R132: =I130*G132*O129 -> 0
E133: =INDEX(Wsad_Ofertowy[#Data],MATCH(S129,Wsad_Ofertowy[Kod],0),5) -> 5907702527727 | G133: cena za szt. | R133: wartość zamawiana
J138: Dane logistyczne | N138: Ilość zamawianych
N139: opakowań
O140: 0 | S140: ZAJA0003
I141: =INDEX(Wsad_Ofertowy[#Data],MATCH(S140,Wsad_Ofertowy[Kod],0),21) -> 8 | J141: sztuk w opakowaniu
J142: KONIEC SERII
D143: =INDEX(Wsad_Ofertowy[#Data],MATCH(S140,Wsad_Ofertowy[Kod],0),4) -> Lampion Glass Art kapliczka mała sr | G143: {=INDEX(Wsad_Ofertowy[#Data],MATCH(S140,Wsad_Ofertowy[Kod],0),'Generowanie podsumowania zam'!$U$1)} -> 7.49 | R143: =I141*G143*O140 -> 0
E144: =INDEX(Wsad_Ofertowy[#Data],MATCH(S140,Wsad_Ofertowy[Kod],0),5) -> 5907508422158 | G144: cena za szt. | R144: wartość zamawiana
J149: Dane logistyczne | N149: Ilość zamawianych
N150: opakowań
O151: 0 | S151: ZAJA0006
I152: =INDEX(Wsad_Ofertowy[#Data],MATCH(S151,Wsad_Ofertowy[Kod],0),21) -> 8 | J152: sztuk w opakowaniu
J153: KONIEC SERII
D154: =INDEX(Wsad_Ofertowy[#Data],MATCH(S151,Wsad_Ofertowy[Kod],0),4) -> Lampion Glass Art kapliczka mała złoto | G154: {=INDEX(Wsad_Ofertowy[#Data],MATCH(S151,Wsad_Ofertowy[Kod],0),'Generowanie podsumowania zam'!$U$1)} -> 7.49 | R154: =I152*G154*O151 -> 0
E155: =INDEX(Wsad_Ofertowy[#Data],MATCH(S151,Wsad_Ofertowy[Kod],0),5) -> 5907508422158 | G155: cena za szt. | R155: wartość zamawiana
J160: Dane logistyczne | N160: Ilość zamawianych
N161: opakowań
...

Sheet małe
J6: Dane logistyczne | N6: Ilość zamawianych
N7: opakowań
O8: 0 | S8: CZNI1268
I9: =INDEX(Wsad_Ofertowy[#Data],MATCH(S8,Wsad_Ofertowy[Kod],0),21) -> 8 | J9: sztuk w opakowaniu
D11: =INDEX(Wsad_Ofertowy[#Data],MATCH(S8,Wsad_Ofertowy[Kod],0),4) -> Znicz szklany Z 02 ZŁ-P. | G11: {=INDEX(Wsad_Ofertowy[#Data],MATCH(S8,Wsad_Ofertowy[Kod],0),'Generowanie podsumowania zam'!$U$1)} -> 3.99 | R11: =I9*G11*O8 -> 0
E12: =INDEX(Wsad_Ofertowy[#Data],MATCH(S8,Wsad_Ofertowy[Kod],0),5) -> 5907702533803 | G12: cena za szt. | R12: wartość zamawiana
J17: Dane logistyczne | N17: Ilość zamawianych
N18: opakowań
O19: 0 | S19: CZNI1266
I20: =INDEX(Wsad_Ofertowy[#Data],MATCH(S19,Wsad_Ofertowy[Kod],0),21) -> 8 | J20: sztuk w opakowaniu
D22: =INDEX(Wsad_Ofertowy[#Data],MATCH(S19,Wsad_Ofertowy[Kod],0),4) -> Z 02 Krzyż SR-P. | G22: {=INDEX(Wsad_Ofertowy[#Data],MATCH(S19,Wsad_Ofertowy[Kod],0),'Generowanie podsumowania zam'!$U$1)} -> 4.25 | R22: =I20*G22*O19 -> 0
E23: =INDEX(Wsad_Ofertowy[#Data],MATCH(S19,Wsad_Ofertowy[Kod],0),5) -> 5907702533780 | G23: cena za szt. | R23: wartość zamawiana
J28: Dane logistyczne | N28: Ilość zamawianych
N29: opakowań
O30: 0 | S30: CZNI1343
I31: =INDEX(Wsad_Ofertowy[#Data],MATCH(S30,Wsad_Ofertowy[Kod],0),21) -> 8 | J31: sztuk w opakowaniu
D33: =INDEX(Wsad_Ofertowy[#Data],MATCH(S30,Wsad_Ofertowy[Kod],0),4) -> Z 02 wianek | G33: {=INDEX(Wsad_Ofertowy[#Data],MATCH(S30,Wsad_Ofertowy[Kod],0),'Generowanie podsumowania zam'!$U$1)} -> 4.48 | R33: =I31*G33*O30 -> 0
E34: =INDEX(Wsad_Ofertowy[#Data],MATCH(S30,Wsad_Ofertowy[Kod],0),5) -> 5907702537795 | G34: cena za szt. | R34: wartość zamawiana
J39: Dane logistyczne | N39: Ilość zamawianych
N40: opakowań
O41: 0 | S41: CZNI0469
I42: =INDEX(Wsad_Ofertowy[#Data],MATCH(S41,Wsad_Ofertowy[Kod],0),21) -> 9 | J42: sztuk w opakowaniu
D44: =INDEX(Wsad_Ofertowy[#Data],MATCH(S41,Wsad_Ofertowy[Kod],0),4) -> Z 273 cukier zł | G44: {=INDEX(Wsad_Ofertowy[#Data],MATCH(S41,Wsad_Ofertowy[Kod],0),'Generowanie podsumowania zam'!$U$1)} -> 6.39 | R44: =I42*G44*O41 -> 0
E45: =INDEX(Wsad_Ofertowy[#Data],MATCH(S41,Wsad_Ofertowy[Kod],0),5) -> 5907702505848 | G45: cena za szt. | R45: wartość zamawiana
J50: Dane logistyczne | N50: Ilość zamawianych
N51: opakowań
O52: 0 | S52: ZAJA0443
I53: =INDEX(Wsad_Ofertowy[#Data],MATCH(S52,Wsad_Ofertowy[Kod],0),21) -> 8 | J53: sztuk w opakowaniu
D55: =INDEX(Wsad_Ofertowy[#Data],MATCH(S52,Wsad_Ofertowy[Kod],0),4) -> Z 569 Krzyż ZŁ | G55: {=INDEX(Wsad_Ofertowy[#Data],MATCH(S52,Wsad_Ofertowy[Kod],0),'Generowanie podsumowania zam'!$U$1)} -> 5.99 | R55: =I53*G55*O52 -> 0
E56: =INDEX(Wsad_Ofertowy[#Data],MATCH(S52,Wsad_Ofertowy[Kod],0),5) -> 5907702534817 | G56: cena za szt. | R56: wartość zamawiana
J61: Dane logistyczne | N61: Ilość zamawianych
N62: opakowań
O63: 0 | S63: ZAJA0442
I64: =INDEX(Wsad_Ofertowy[#Data],MATCH(S63,Wsad_Ofertowy[Kod],0),21) -> 8 | J64: sztuk w opakowaniu
D66: =INDEX(Wsad_Ofertowy[#Data],MATCH(S63,Wsad_Ofertowy[Kod],0),4) -> Z 569 Krzyż SR | G66: {=INDEX(Wsad_Ofertowy[#Data],MATCH(S63,Wsad_Ofertowy[Kod],0),'Generowanie podsumowania zam'!$U$1)} -> 5.99 | R66: =I64*G66*O63 -> 0
E67: =INDEX(Wsad_Ofertowy[#Data],MATCH(S63,Wsad_Ofertowy[Kod],0),5) -> 5907702534800 | G67: cena za szt. | R67: wartość zamawiana
J72: Dane logistyczne | N72: Ilość zamawianych
N73: opakowań
O74: 0 | S74: CZNI1273
I75: =INDEX(Wsad_Ofertowy[#Data],MATCH(S74,Wsad_Ofertowy[Kod],0),21) -> 8 | J75: sztuk w opakowaniu
D77: =INDEX(Wsad_Ofertowy[#Data],MATCH(S74,Wsad_Ofertowy[Kod],0),4) -> ZNICZ SZKLANY Z 549 LILIE ZŁ-P. | G77: {=INDEX(Wsad_Ofertowy[#Data],MATCH(S74,Wsad_Ofertowy[Kod],0),'Generowanie podsumowania zam'!$U$1)} -> 6.69 | R77: =I75*G77*O74 -> 0
E78: =INDEX(Wsad_Ofertowy[#Data],MATCH(S74,Wsad_Ofertowy[Kod],0),5) -> 5907702533865 | G78: cena za szt. | R78: wartość zamawiana
J83: Dane logistyczne | N83: Ilość zamawianych
N84: opakowań
O85: 0 | S85: CZNI1272
I86: =INDEX(Wsad_Ofertowy[#Data],MATCH(S85,Wsad_Ofertowy[Kod],0),21) -> 8 | J86: sztuk w opakowaniu
D88: =INDEX(Wsad_Ofertowy[#Data],MATCH(S85,Wsad_Ofertowy[Kod],0),4) -> ZNICZ SZKLANY Z 549 LILIE SR-P. | G88: {=INDEX(Wsad_Ofertowy[#Data],MATCH(S85,Wsad_Ofertowy[Kod],0),'Generowanie podsumowania zam'!$U$1)} -> 6.69 | R88: =I86*G88*O85 -> 0
E89: =INDEX(Wsad_Ofertowy[#Data],MATCH(S85,Wsad_Ofertowy[Kod],0),5) -> 5907702533858 | G89: cena za szt. | R89: wartość zamawiana
J94: Dane logistyczne | N94: Ilość zamawianych
N95: opakowań
O96: 0 | S96: CZNI1345
I97: =INDEX(Wsad_Ofertowy[#Data],MATCH(S96,Wsad_Ofertowy[Kod],0),21) -> 8 | J97: sztuk w opakowaniu
D99: =INDEX(Wsad_Ofertowy[#Data],MATCH(S96,Wsad_Ofertowy[Kod],0),4) -> Z 532 B | G99: {=INDEX(Wsad_Ofertowy[#Data],MATCH(S96,Wsad_Ofertowy[Kod],0),'Generowanie podsumowania zam'!$U$1)} -> 6.4 | R99: =I97*G99*O96 -> 0
E100: =INDEX(Wsad_Ofertowy[#Data],MATCH(S96,Wsad_Ofertowy[Kod],0),5) -> 5907702537801 | G100: cena za szt. | R100: wartość zamawiana
J105: Dane logistyczne | N105: Ilość zamawianych
N106: opakowań
O107: 0 | S107: CZNI1067
I108: =INDEX(Wsad_Ofertowy[#Data],MATCH(S107,Wsad_Ofertowy[Kod],0),21) -> 8 | J108: sztuk w opakowaniu
D110: =INDEX(Wsad_Ofertowy[#Data],MATCH(S107,Wsad_Ofertowy[Kod],0),4) -> Znicz szklany Z 542 ZŁ | G110: {=INDEX(Wsad_Ofertowy[#Data],MATCH(S107,Wsad_Ofertowy[Kod],0),'Generowanie podsumowania zam'!$U$1)} -> 6.69 | R110: =I108*G110*O107 -> 0
E111: =INDEX(Wsad_Ofertowy[#Data],MATCH(S107,Wsad_Ofertowy[Kod],0),5) -> 5907702535791 | G111: cena za szt. | R111: wartość zamawiana
J116: Dane logistyczne | N116: Ilość zamawianych
N117: opakowań
O118: 0 | S118: CZNI1068
I119: =INDEX(Wsad_Ofertowy[#Data],MATCH(S118,Wsad_Ofertowy[Kod],0),21) -> 8 | J119: sztuk w opakowaniu
D121: =INDEX(Wsad_Ofertowy[#Data],MATCH(S118,Wsad_Ofertowy[Kod],0),4) -> Znicz szklany Z 542 SR | G121: {=INDEX(Wsad_Ofertowy[#Data],MATCH(S118,Wsad_Ofertowy[Kod],0),'Generowanie podsumowania zam'!$U$1)} -> 6.69 | R121: =I119*G121*O118 -> 0
E122: =INDEX(Wsad_Ofertowy[#Data],MATCH(S118,Wsad_Ofertowy[Kod],0),5) -> 5907702535784 | G122: cena za szt. | R122: wartość zamawiana
J127: Dane logistyczne | N127: Ilość zamawianych
N128: opakowań
O129: 0 | S129: CZNI0704
I130: =INDEX(Wsad_Ofertowy[#Data],MATCH(S129,Wsad_Ofertowy[Kod],0),21) -> 8 | J130: sztuk w opakowaniu
D132: =INDEX(Wsad_Ofertowy[#Data],MATCH(S129,Wsad_Ofertowy[Kod],0),4) -> L 925 Anioł SR | G132: {=INDEX(Wsad_Ofertowy[#Data],MATCH(S129,Wsad_Ofertowy[Kod],0),'Generowanie podsumowania zam'!$U$1)} -> 6.69 | R132: =I130*G132*O129 -> 0
E133: =INDEX(Wsad_Ofertowy[#Data],MATCH(S129,Wsad_Ofertowy[Kod],0),5) -> 5907702530116 | G133: cena za szt. | R133: wartość zamawiana
J138: Dane logistyczne | N138: Ilość zamawianych
N139: opakowań
O140: 0 | S140: ZAJA0437
I141: =INDEX(Wsad_Ofertowy[#Data],MATCH(S140,Wsad_Ofertowy[Kod],0),21) -> 6 | J141: sztuk w opakowaniu
D143: =INDEX(Wsad_Ofertowy[#Data],MATCH(S140,Wsad_Ofertowy[Kod],0),4) -> Z 505 ZŁ | G143: {=INDEX(Wsad_Ofertowy[#Data],MATCH(S140,Wsad_Ofertowy[Kod],0),'Generowanie podsumowania zam'!$U$1)} -> 5.99 | R143: =I141*G143*O140 -> 0
E144: =INDEX(Wsad_Ofertowy[#Data],MATCH(S140,Wsad_Ofertowy[Kod],0),5) -> 5907702534572 | G144: cena za szt. | R144: wartość zamawiana
J149: Dane logistyczne | N149: Ilość zamawianych
N150: opakowań
O151: 0 | S151: ZAJA0436
I152: =INDEX(Wsad_Ofertowy[#Data],MATCH(S151,Wsad_Ofertowy[Kod],0),21) -> 6 | J152: sztuk w opakowaniu
D154: =INDEX(Wsad_Ofertowy[#Data],MATCH(S151,Wsad_Ofertowy[Kod],0),4) -> Z 505 SR | G154: {=INDEX(Wsad_Ofertowy[#Data],MATCH(S151,Wsad_Ofertowy[Kod],0),'Generowanie podsumowania zam'!$U$1)} -> 5.99 | R154: =I152*G154*O151 -> 0
E155: =INDEX(Wsad_Ofertowy[#Data],MATCH(S151,Wsad_Ofertowy[Kod],0),5) -> 5907702534763 | G155: cena za szt. | R155: wartość zamawiana
J160: Dane logistyczne | N160: Ilość zamawianych
N161: opakowań
O162: 0 | S162: CZNI1312
I163: =INDEX(Wsad_Ofertowy[#Data],MATCH(S162,Wsad_Ofertowy[Kod],0),21) -> 8 | J163: sztuk w opakowaniu
D165: =INDEX(Wsad_Ofertowy[#Data],MATCH(S162,Wsad_Ofertowy[Kod],0),4) -> Znicz Z 541 biały aplikacja | G165: {=INDEX(Wsad_Ofertowy[#Data],MATCH(S162,Wsad_Ofertowy[Kod],0),'Generowanie podsumowania zam'!$U$1)} -> 6.69 | R165: =I163*G165*O162 -> 0
E166: =INDEX(Wsad_Ofertowy[#Data],MATCH(S162,Wsad_Ofertowy[Kod],0),5) -> 5907702537597 | G166: cena za szt. | R166: wartość zamawiana

Sheet średnie
J6: Dane logistyczne | N6: Ilość zamawianych
N7: opakowań
O8: 0 | S8: CZNI1274
I9: =INDEX(Wsad_Ofertowy[#Data],MATCH(S8,Wsad_Ofertowy[Kod],0),21) -> 7 | J9: sztuk w opakowaniu
D11: =INDEX(Wsad_Ofertowy[#Data],MATCH(S8,Wsad_Ofertowy[Kod],0),4) -> Kwadrat AT lilie SR-P. | G11: {=INDEX(Wsad_Ofertowy[#Data],MATCH(S8,Wsad_Ofertowy[Kod],0),'Generowanie podsumowania zam'!$U$1)} -> 8.79 | R11: =I9*G11*O8 -> 0
E12: =INDEX(Wsad_Ofertowy[#Data],MATCH(S8,Wsad_Ofertowy[Kod],0),5) -> 5907702533872 | G12: cena za szt. | R12: wartość zamawiana
J17: Dane logistyczne | N17: Ilość zamawianych
N18: opakowań
O19: 0 | S19: CZNI1277
I20: =INDEX(Wsad_Ofertowy[#Data],MATCH(S19,Wsad_Ofertowy[Kod],0),21) -> 7 | J20: sztuk w opakowaniu
D22: =INDEX(Wsad_Ofertowy[#Data],MATCH(S19,Wsad_Ofertowy[Kod],0),4) -> Kwadrat AT lilie ZŁ-P. | G22: {=INDEX(Wsad_Ofertowy[#Data],MATCH(S19,Wsad_Ofertowy[Kod],0),'Generowanie podsumowania zam'!$U$1)} -> 8.79 | R22: =I20*G22*O19 -> 0
E23: =INDEX(Wsad_Ofertowy[#Data],MATCH(S19,Wsad_Ofertowy[Kod],0),5) -> 5907702533889 | G23: cena za szt. | R23: wartość zamawiana
J28: Dane logistyczne | N28: Ilość zamawianych
N29: opakowań
O30: 0 | S30: CZNI1337
I31: =INDEX(Wsad_Ofertowy[#Data],MATCH(S30,Wsad_Ofertowy[Kod],0),21) -> 6 | J31: sztuk w opakowaniu
D33: =INDEX(Wsad_Ofertowy[#Data],MATCH(S30,Wsad_Ofertowy[Kod],0),4) -> L 1435 aplikacja SR | G33: {=INDEX(Wsad_Ofertowy[#Data],MATCH(S30,Wsad_Ofertowy[Kod],0),'Generowanie podsumowania zam'!$U$1)} -> 9.55 | R33: =I31*G33*O30 -> 0
E34: =INDEX(Wsad_Ofertowy[#Data],MATCH(S30,Wsad_Ofertowy[Kod],0),5) -> 5907702537740 | G34: cena za szt. | R34: wartość zamawiana
J39: Dane logistyczne | N39: Ilość zamawianych
N40: opakowań
O41: 0 | S41: CZNI1338
I42: =INDEX(Wsad_Ofertowy[#Data],MATCH(S41,Wsad_Ofertowy[Kod],0),21) -> 6 | J42: sztuk w opakowaniu
D44: =INDEX(Wsad_Ofertowy[#Data],MATCH(S41,Wsad_Ofertowy[Kod],0),4) -> L 1435 aplikacja ZŁ | G44: {=INDEX(Wsad_Ofertowy[#Data],MATCH(S41,Wsad_Ofertowy[Kod],0),'Generowanie podsumowania zam'!$U$1)} -> 9.55 | R44: =I42*G44*O41 -> 0
E45: =INDEX(Wsad_Ofertowy[#Data],MATCH(S41,Wsad_Ofertowy[Kod],0),5) -> 5907702537757 | G45: cena za szt. | R45: wartość zamawiana
J50: Dane logistyczne | N50: Ilość zamawianych
N51: opakowań
O52: 0 | S52: DAVP0036
I53: =INDEX(Wsad_Ofertowy[#Data],MATCH(S52,Wsad_Ofertowy[Kod],0),21) -> 6 | J53: sztuk w opakowaniu
D55: =INDEX(Wsad_Ofertowy[#Data],MATCH(S52,Wsad_Ofertowy[Kod],0),4) -> Owal sentencja SR | G55: {=INDEX(Wsad_Ofertowy[#Data],MATCH(S52,Wsad_Ofertowy[Kod],0),'Generowanie podsumowania zam'!$U$1)} -> 8.99 | R55: =I53*G55*O52 -> 0
E56: =INDEX(Wsad_Ofertowy[#Data],MATCH(S52,Wsad_Ofertowy[Kod],0),5) -> 5907702536040 | G56: cena za szt. | R56: wartość zamawiana
J61: Dane logistyczne | N61: Ilość zamawianych
N62: opakowań
O63: 0 | S63: DAVP0035
I64: =INDEX(Wsad_Ofertowy[#Data],MATCH(S63,Wsad_Ofertowy[Kod],0),21) -> 6 | J64: sztuk w opakowaniu
D66: =INDEX(Wsad_Ofertowy[#Data],MATCH(S63,Wsad_Ofertowy[Kod],0),4) -> Owal sentencja ZŁ | G66: {=INDEX(Wsad_Ofertowy[#Data],MATCH(S63,Wsad_Ofertowy[Kod],0),'Generowanie podsumowania zam'!$U$1)} -> 8.99 | R66: =I64*G66*O63 -> 0
E67: =INDEX(Wsad_Ofertowy[#Data],MATCH(S63,Wsad_Ofertowy[Kod],0),5) -> 5907702536057 | G67: cena za szt. | R67: wartość zamawiana
J72: Dane logistyczne | N72: Ilość zamawianych
N73: opakowań
O74: 0 | S74: CZNI1280
I75: =INDEX(Wsad_Ofertowy[#Data],MATCH(S74,Wsad_Ofertowy[Kod],0),21) -> 6 | J75: sztuk w opakowaniu
D77: =INDEX(Wsad_Ofertowy[#Data],MATCH(S74,Wsad_Ofertowy[Kod],0),4) -> P 100 krzyż SR | G77: {=INDEX(Wsad_Ofertowy[#Data],MATCH(S74,Wsad_Ofertowy[Kod],0),'Generowanie podsumowania zam'!$U$1)} -> 8.29 | R77: =I75*G77*O74 -> 0
E78: =INDEX(Wsad_Ofertowy[#Data],MATCH(S74,Wsad_Ofertowy[Kod],0),5) -> 5907702533940 | G78: cena za szt. | R78: wartość zamawiana
J83: Dane logistyczne | N83: Ilość zamawianych
N84: opakowań
O85: 0 | S85: CZNI1281
I86: =INDEX(Wsad_Ofertowy[#Data],MATCH(S85,Wsad_Ofertowy[Kod],0),21) -> 6 | J86: sztuk w opakowaniu
D88: =INDEX(Wsad_Ofertowy[#Data],MATCH(S85,Wsad_Ofertowy[Kod],0),4) -> P 100 krzyż ZŁ | G88: {=INDEX(Wsad_Ofertowy[#Data],MATCH(S85,Wsad_Ofertowy[Kod],0),'Generowanie podsumowania zam'!$U$1)} -> 8.29 | R88: =I86*G88*O85 -> 0
E89: =INDEX(Wsad_Ofertowy[#Data],MATCH(S85,Wsad_Ofertowy[Kod],0),5) -> 5907702533933 | G89: cena za szt. | R89: wartość zamawiana
J94: Dane logistyczne | N94: Ilość zamawianych
N95: opakowań
O96: 0 | S96: CZNI0814
I97: =INDEX(Wsad_Ofertowy[#Data],MATCH(S96,Wsad_Ofertowy[Kod],0),21) -> 6 | J97: sztuk w opakowaniu
D99: =INDEX(Wsad_Ofertowy[#Data],MATCH(S96,Wsad_Ofertowy[Kod],0),4) -> P 88 sr | G99: {=INDEX(Wsad_Ofertowy[#Data],MATCH(S96,Wsad_Ofertowy[Kod],0),'Generowanie podsumowania zam'!$U$1)} -> 6.99 | R99: =I97*G99*O96 -> 0
E100: =INDEX(Wsad_Ofertowy[#Data],MATCH(S96,Wsad_Ofertowy[Kod],0),5) -> 5907702530253 | G100: cena za szt. | R100: wartość zamawiana
J105: Dane logistyczne | N105: Ilość zamawianych
N106: opakowań
O107: 0 | S107: CZNI0746
I108: =INDEX(Wsad_Ofertowy[#Data],MATCH(S107,Wsad_Ofertowy[Kod],0),21) -> 7 | J108: sztuk w opakowaniu
D110: =INDEX(Wsad_Ofertowy[#Data],MATCH(S107,Wsad_Ofertowy[Kod],0),4) -> P 91 biały SR | G110: {=INDEX(Wsad_Ofertowy[#Data],MATCH(S107,Wsad_Ofertowy[Kod],0),'Generowanie podsumowania zam'!$U$1)} -> 7.15 | R110: =I108*G110*O107 -> 0
E111: =INDEX(Wsad_Ofertowy[#Data],MATCH(S107,Wsad_Ofertowy[Kod],0),5) -> 5907702530208 | G111: cena za szt. | R111: wartość zamawiana
J116: Dane logistyczne | N116: Ilość zamawianych
N117: opakowań
O118: 0 | S118: CZNI0372
I119: =INDEX(Wsad_Ofertowy[#Data],MATCH(S118,Wsad_Ofertowy[Kod],0),21) -> 7 | J119: sztuk w opakowaniu
D121: =INDEX(Wsad_Ofertowy[#Data],MATCH(S118,Wsad_Ofertowy[Kod],0),4) -> P 91 Róża zdobiony ZŁ | G121: {=INDEX(Wsad_Ofertowy[#Data],MATCH(S118,Wsad_Ofertowy[Kod],0),'Generowanie podsumowania zam'!$U$1)} -> 8.29 | R121: =I119*G121*O118 -> 0
E122: =INDEX(Wsad_Ofertowy[#Data],MATCH(S118,Wsad_Ofertowy[Kod],0),5) -> 5907702524535 | G122: cena za szt. | R122: wartość zamawiana
J127: Dane logistyczne | N127: Ilość zamawianych
N128: opakowań
O129: 0 | S129: CZNI1209
I130: =INDEX(Wsad_Ofertowy[#Data],MATCH(S129,Wsad_Ofertowy[Kod],0),21) -> 7 | J130: sztuk w opakowaniu
D132: =INDEX(Wsad_Ofertowy[#Data],MATCH(S129,Wsad_Ofertowy[Kod],0),4) -> P 91 róża ZŁ | G132: {=INDEX(Wsad_Ofertowy[#Data],MATCH(S129,Wsad_Ofertowy[Kod],0),'Generowanie podsumowania zam'!$U$1)} -> 7.24 | R132: =I130*G132*O129 -> 0
E133: =INDEX(Wsad_Ofertowy[#Data],MATCH(S129,Wsad_Ofertowy[Kod],0),5) -> 5907702535753 | G133: cena za szt. | R133: wartość zamawiana
J138: Dane logistyczne | N138: Ilość zamawianych
N139: opakowań
O140: 0 | S140: CZNI1314
I141: =INDEX(Wsad_Ofertowy[#Data],MATCH(S140,Wsad_Ofertowy[Kod],0),21) -> 8 | J141: sztuk w opakowaniu
D143: =INDEX(Wsad_Ofertowy[#Data],MATCH(S140,Wsad_Ofertowy[Kod],0),4) -> Z 03 SR | G143: {=INDEX(Wsad_Ofertowy[#Data],MATCH(S140,Wsad_Ofertowy[Kod],0),'Generowanie podsumowania zam'!$U$1)} -> 5.99 | R143: =I141*G143*O140 -> 0
E144: =INDEX(Wsad_Ofertowy[#Data],MATCH(S140,Wsad_Ofertowy[Kod],0),5) -> 5907702537603 | G144: cena za szt. | R144: wartość zamawiana
J149: Dane logistyczne | N149: Ilość zamawianych
N150: opakowań
O151: 0 | S151: CZNI1313
I152: =INDEX(Wsad_Ofertowy[#Data],MATCH(S151,Wsad_Ofertowy[Kod],0),21) -> 8 | J152: sztuk w opakowaniu
D154: =INDEX(Wsad_Ofertowy[#Data],MATCH(S151,Wsad_Ofertowy[Kod],0),4) -> Z 03 ZŁ | G154: {=INDEX(Wsad_Ofertowy[#Data],MATCH(S151,Wsad_Ofertowy[Kod],0),'Generowanie podsumowania zam'!$U$1)} -> 5.99 | R154: =I152*G154*O151 -> 0
E155: =INDEX(Wsad_Ofertowy[#Data],MATCH(S151,Wsad_Ofertowy[Kod],0),5) -> 5907702537610 | G155: cena za szt. | R155: wartość zamawiana
J160: Dane logistyczne | N160: Ilość zamawianych
N161: opakowań
O162: 0 | S162: DAVP0053
I163: =INDEX(Wsad_Ofertowy[#Data],MATCH(S162,Wsad_Ofertowy[Kod],0),21) -> 8 | J163: sztuk w opakowaniu
D165: =INDEX(Wsad_Ofertowy[#Data],MATCH(S162,Wsad_Ofertowy[Kod],0),4) -> Z 12 Jezus SR | G165: {=INDEX(Wsad_Ofertowy[#Data],MATCH(S162,Wsad_Ofertowy[Kod],0),'Generowanie podsumowania zam'!$U$1)} -> 8.59 | R165: =I163*G165*O162 -> 0
E166: =INDEX(Wsad_Ofertowy[#Data],MATCH(S162,Wsad_Ofertowy[Kod],0),5) -> 5907702536095 | G166: cena za szt. | R166: wartość zamawiana
J171: Dane logistyczne | N171: Ilość zamawianych
N172: opakowań
O173: 0 | S173: DAVP0044
I174: =INDEX(Wsad_Ofertowy[#Data],MATCH(S173,Wsad_Ofertowy[Kod],0),21) -> 8 | J174: sztuk w opakowaniu
D176: =INDEX(Wsad_Ofertowy[#Data],MATCH(S173,Wsad_Ofertowy[Kod],0),4) -> Z 12 Jezus ZŁ | G176: {=INDEX(Wsad_Ofertowy[#Data],MATCH(S173,Wsad_Ofertowy[Kod],0),'Generowanie podsumowania zam'!$U$1)} -> 8.59 | R176: =I174*G176*O173 -> 0
E177: =INDEX(Wsad_Ofertowy[#Data],MATCH(S173,Wsad_Ofertowy[Kod],0),5) -> 5907702536101 | G177: cena za szt. | R177: wartość zamawiana
J182: Dane logistyczne | N182: Ilość zamawianych
N183: opakowań
O184: 0 | S184: DAVP0068
I185: =INDEX(Wsad_Ofertowy[#Data],MATCH(S184,Wsad_Ofertowy[Kod],0),21) -> 8 | J185: sztuk w opakowaniu
...

Sheet duże
J6: Dane logistyczne | N6: Ilość zamawianych
N7: opakowań
O8: 0 | S8: CZNI1265
I9: =INDEX(Wsad_Ofertowy[#Data],MATCH(S8,Wsad_Ofertowy[Kod],0),21) -> 4 | J9: sztuk w opakowaniu
D11: =INDEX(Wsad_Ofertowy[#Data],MATCH(S8,Wsad_Ofertowy[Kod],0),4) -> Diament D 9 tęcza SR-P. | G11: {=INDEX(Wsad_Ofertowy[#Data],MATCH(S8,Wsad_Ofertowy[Kod],0),'Generowanie podsumowania zam'!$U$1)} -> 15.05 | R11: =I9*G11*O8 -> 0
E12: =INDEX(Wsad_Ofertowy[#Data],MATCH(S8,Wsad_Ofertowy[Kod],0),5) -> 5907702533773 | G12: cena za szt. | R12: wartość zamawiana
J17: Dane logistyczne | N17: Ilość zamawianych
N18: opakowań
O19: 0 | S19: CZNI1264
I20: =INDEX(Wsad_Ofertowy[#Data],MATCH(S19,Wsad_Ofertowy[Kod],0),21) -> 4 | J20: sztuk w opakowaniu
D22: =INDEX(Wsad_Ofertowy[#Data],MATCH(S19,Wsad_Ofertowy[Kod],0),4) -> Diament D 9 tęcza ZŁ-P. | G22: {=INDEX(Wsad_Ofertowy[#Data],MATCH(S19,Wsad_Ofertowy[Kod],0),'Generowanie podsumowania zam'!$U$1)} -> 15.05 | R22: =I20*G22*O19 -> 0
E23: =INDEX(Wsad_Ofertowy[#Data],MATCH(S19,Wsad_Ofertowy[Kod],0),5) -> 5907702533759 | G23: cena za szt. | R23: wartość zamawiana
J28: Dane logistyczne | N28: Ilość zamawianych
N29: opakowań
O30: 0 | S30: CZNI1260
I31: =INDEX(Wsad_Ofertowy[#Data],MATCH(S30,Wsad_Ofertowy[Kod],0),21) -> 4 | J31: sztuk w opakowaniu
D33: =INDEX(Wsad_Ofertowy[#Data],MATCH(S30,Wsad_Ofertowy[Kod],0),4) -> Koniak K 9 SR-P. | G33: {=INDEX(Wsad_Ofertowy[#Data],MATCH(S30,Wsad_Ofertowy[Kod],0),'Generowanie podsumowania zam'!$U$1)} -> 15.05 | R33: =I31*G33*O30 -> 0
E34: =INDEX(Wsad_Ofertowy[#Data],MATCH(S30,Wsad_Ofertowy[Kod],0),5) -> 5907702534039 | G34: cena za szt. | R34: wartość zamawiana
J39: Dane logistyczne | N39: Ilość zamawianych
N40: opakowań
O41: 0 | S41: ZAJA0422
I42: =INDEX(Wsad_Ofertowy[#Data],MATCH(S41,Wsad_Ofertowy[Kod],0),21) -> 4 | J42: sztuk w opakowaniu
D44: =INDEX(Wsad_Ofertowy[#Data],MATCH(S41,Wsad_Ofertowy[Kod],0),4) -> Koniak Kryształ SR | G44: {=INDEX(Wsad_Ofertowy[#Data],MATCH(S41,Wsad_Ofertowy[Kod],0),'Generowanie podsumowania zam'!$U$1)} -> 17.49 | R44: =I42*G44*O41 -> 0
E45: =INDEX(Wsad_Ofertowy[#Data],MATCH(S41,Wsad_Ofertowy[Kod],0),5) -> 5907702534633 | G45: cena za szt. | R45: wartość zamawiana
J50: Dane logistyczne | N50: Ilość zamawianych
N51: opakowań
O52: 0 | S52: CZNI1169
I53: =INDEX(Wsad_Ofertowy[#Data],MATCH(S52,Wsad_Ofertowy[Kod],0),21) -> 4 | J53: sztuk w opakowaniu
D55: =INDEX(Wsad_Ofertowy[#Data],MATCH(S52,Wsad_Ofertowy[Kod],0),4) -> KWK 19 drzewo SR | G55: {=INDEX(Wsad_Ofertowy[#Data],MATCH(S52,Wsad_Ofertowy[Kod],0),'Generowanie podsumowania zam'!$U$1)} -> 18.49 | R55: =I53*G55*O52 -> 0
E56: =INDEX(Wsad_Ofertowy[#Data],MATCH(S52,Wsad_Ofertowy[Kod],0),5) -> 5907702536699 | G56: cena za szt. | R56: wartość zamawiana
J61: Dane logistyczne | N61: Ilość zamawianych
N62: opakowań
O63: 0 | S63: CZNI1170
I64: =INDEX(Wsad_Ofertowy[#Data],MATCH(S63,Wsad_Ofertowy[Kod],0),21) -> 4 | J64: sztuk w opakowaniu
D66: =INDEX(Wsad_Ofertowy[#Data],MATCH(S63,Wsad_Ofertowy[Kod],0),4) -> KWK 19 drzewo ZŁ | G66: {=INDEX(Wsad_Ofertowy[#Data],MATCH(S63,Wsad_Ofertowy[Kod],0),'Generowanie podsumowania zam'!$U$1)} -> 18.49 | R66: =I64*G66*O63 -> 0
E67: =INDEX(Wsad_Ofertowy[#Data],MATCH(S63,Wsad_Ofertowy[Kod],0),5) -> 5907702536705 | G67: cena za szt. | R67: wartość zamawiana
J72: Dane logistyczne | N72: Ilość zamawianych
N73: opakowań
O74: 0 | S74: CZNI40214
I75: =INDEX(Wsad_Ofertowy[#Data],MATCH(S74,Wsad_Ofertowy[Kod],0),21) -> 4 | J75: sztuk w opakowaniu
D77: =INDEX(Wsad_Ofertowy[#Data],MATCH(S74,Wsad_Ofertowy[Kod],0),4) -> P 109 serce Sr | G77: {=INDEX(Wsad_Ofertowy[#Data],MATCH(S74,Wsad_Ofertowy[Kod],0),'Generowanie podsumowania zam'!$U$1)} -> 12.95 | R77: =I75*G77*O74 -> 0
E78: =INDEX(Wsad_Ofertowy[#Data],MATCH(S74,Wsad_Ofertowy[Kod],0),5) -> 5907702540214 | G78: cena za szt. | R78: wartość zamawiana
J83: Dane logistyczne | N83: Ilość zamawianych
N84: opakowań
O85: 0 | S85: CZNI40207
I86: =INDEX(Wsad_Ofertowy[#Data],MATCH(S85,Wsad_Ofertowy[Kod],0),21) -> 4 | J86: sztuk w opakowaniu
D88: =INDEX(Wsad_Ofertowy[#Data],MATCH(S85,Wsad_Ofertowy[Kod],0),4) -> P 109 serce Zł | G88: {=INDEX(Wsad_Ofertowy[#Data],MATCH(S85,Wsad_Ofertowy[Kod],0),'Generowanie podsumowania zam'!$U$1)} -> 12.95 | R88: =I86*G88*O85 -> 0
E89: =INDEX(Wsad_Ofertowy[#Data],MATCH(S85,Wsad_Ofertowy[Kod],0),5) -> 5907702540207 | G89: cena za szt. | R89: wartość zamawiana
J94: Dane logistyczne | N94: Ilość zamawianych
N95: opakowań
O96: 0 | S96: CZNI0294
I97: =INDEX(Wsad_Ofertowy[#Data],MATCH(S96,Wsad_Ofertowy[Kod],0),21) -> 5 | J97: sztuk w opakowaniu
D99: =INDEX(Wsad_Ofertowy[#Data],MATCH(S96,Wsad_Ofertowy[Kod],0),4) -> P 45 krzyż MIX | G99: {=INDEX(Wsad_Ofertowy[#Data],MATCH(S96,Wsad_Ofertowy[Kod],0),'Generowanie podsumowania zam'!$U$1)} -> 13.39 | R99: =I97*G99*O96 -> 0
E100: =INDEX(Wsad_Ofertowy[#Data],MATCH(S96,Wsad_Ofertowy[Kod],0),5) -> 5907702530444 | G100: cena za szt. | R100: wartość zamawiana
J105: Dane logistyczne | N105: Ilość zamawianych
N106: opakowań
O107: 0 | S107: CZNI1262
I108: =INDEX(Wsad_Ofertowy[#Data],MATCH(S107,Wsad_Ofertowy[Kod],0),21) -> 4 | J108: sztuk w opakowaniu
D110: =INDEX(Wsad_Ofertowy[#Data],MATCH(S107,Wsad_Ofertowy[Kod],0),4) -> WR 9 SR-P. | G110: {=INDEX(Wsad_Ofertowy[#Data],MATCH(S107,Wsad_Ofertowy[Kod],0),'Generowanie podsumowania zam'!$U$1)} -> 16.79 | R110: =I108*G110*O107 -> 0
E111: =INDEX(Wsad_Ofertowy[#Data],MATCH(S107,Wsad_Ofertowy[Kod],0),5) -> 5907702534053 | G111: cena za szt. | R111: wartość zamawiana
J116: Dane logistyczne | N116: Ilość zamawianych
N117: opakowań
O118: 0 | S118: CZNI1263
I119: =INDEX(Wsad_Ofertowy[#Data],MATCH(S118,Wsad_Ofertowy[Kod],0),21) -> 4 | J119: sztuk w opakowaniu
D121: =INDEX(Wsad_Ofertowy[#Data],MATCH(S118,Wsad_Ofertowy[Kod],0),4) -> WR 9 ZŁ-P. | G121: {=INDEX(Wsad_Ofertowy[#Data],MATCH(S118,Wsad_Ofertowy[Kod],0),'Generowanie podsumowania zam'!$U$1)} -> 16.79 | R121: =I119*G121*O118 -> 0
E122: =INDEX(Wsad_Ofertowy[#Data],MATCH(S118,Wsad_Ofertowy[Kod],0),5) -> 5907702533742 | G122: cena za szt. | R122: wartość zamawiana
J127: Dane logistyczne | N127: Ilość zamawianych
N128: opakowań
O129: 0 | S129: CZNI0473
I130: =INDEX(Wsad_Ofertowy[#Data],MATCH(S129,Wsad_Ofertowy[Kod],0),21) -> 4 | J130: sztuk w opakowaniu
D132: =INDEX(Wsad_Ofertowy[#Data],MATCH(S129,Wsad_Ofertowy[Kod],0),4) -> Z 2925 zł | G132: {=INDEX(Wsad_Ofertowy[#Data],MATCH(S129,Wsad_Ofertowy[Kod],0),'Generowanie podsumowania zam'!$U$1)} -> 13.39 | R132: =I130*G132*O129 -> 0
E133: =INDEX(Wsad_Ofertowy[#Data],MATCH(S129,Wsad_Ofertowy[Kod],0),5) -> 5907702523156 | G133: cena za szt. | R133: wartość zamawiana
J138: Dane logistyczne | N138: Ilość zamawianych
N139: opakowań
O140: 0 | S140: CZNI0475
I141: =INDEX(Wsad_Ofertowy[#Data],MATCH(S140,Wsad_Ofertowy[Kod],0),21) -> 4 | J141: sztuk w opakowaniu
D143: =INDEX(Wsad_Ofertowy[#Data],MATCH(S140,Wsad_Ofertowy[Kod],0),4) -> Z 2925/sr | G143: {=INDEX(Wsad_Ofertowy[#Data],MATCH(S140,Wsad_Ofertowy[Kod],0),'Generowanie podsumowania zam'!$U$1)} -> 13.39 | R143: =I141*G143*O140 -> 0
E144: =INDEX(Wsad_Ofertowy[#Data],MATCH(S140,Wsad_Ofertowy[Kod],0),5) -> 5907702526713 | G144: cena za szt. | R144: wartość zamawiana
J149: Dane logistyczne | N149: Ilość zamawianych
N150: opakowań
O151: 0 | S151: CZNI0617
I152: =INDEX(Wsad_Ofertowy[#Data],MATCH(S151,Wsad_Ofertowy[Kod],0),21) -> 4 | J152: sztuk w opakowaniu
D154: =INDEX(Wsad_Ofertowy[#Data],MATCH(S151,Wsad_Ofertowy[Kod],0),4) -> Z 480 SR | G154: {=INDEX(Wsad_Ofertowy[#Data],MATCH(S151,Wsad_Ofertowy[Kod],0),'Generowanie podsumowania zam'!$U$1)} -> 14 | R154: =I152*G154*O151 -> 0
E155: =INDEX(Wsad_Ofertowy[#Data],MATCH(S151,Wsad_Ofertowy[Kod],0),5) -> 5907702527895 | G155: cena za szt. | R155: wartość zamawiana
J160: Dane logistyczne | N160: Ilość zamawianych
N161: opakowań
O162: 0 | S162: CZNI1171
I163: =INDEX(Wsad_Ofertowy[#Data],MATCH(S162,Wsad_Ofertowy[Kod],0),21) -> 6 | J163: sztuk w opakowaniu
D165: =INDEX(Wsad_Ofertowy[#Data],MATCH(S162,Wsad_Ofertowy[Kod],0),4) -> Z 490 B.SR | G165: {=INDEX(Wsad_Ofertowy[#Data],MATCH(S162,Wsad_Ofertowy[Kod],0),'Generowanie podsumowania zam'!$U$1)} -> 9.65 | R165: =I163*G165*O162 -> 0
E166: =INDEX(Wsad_Ofertowy[#Data],MATCH(S162,Wsad_Ofertowy[Kod],0),5) -> 5907702536538 | G166: cena za szt. | R166: wartość zamawiana
J171: Dane logistyczne | N171: Ilość zamawianych
N172: opakowań
O173: 0 | S173: CZNI1172
I174: =INDEX(Wsad_Ofertowy[#Data],MATCH(S173,Wsad_Ofertowy[Kod],0),21) -> 6 | J174: sztuk w opakowaniu
D176: =INDEX(Wsad_Ofertowy[#Data],MATCH(S173,Wsad_Ofertowy[Kod],0),4) -> Z 490 B.ZŁ | G176: {=INDEX(Wsad_Ofertowy[#Data],MATCH(S173,Wsad_Ofertowy[Kod],0),'Generowanie podsumowania zam'!$U$1)} -> 9.65 | R176: =I174*G176*O173 -> 0
E177: =INDEX(Wsad_Ofertowy[#Data],MATCH(S173,Wsad_Ofertowy[Kod],0),5) -> 5907702536545 | G177: cena za szt. | R177: wartość zamawiana
J182: Dane logistyczne | N182: Ilość zamawianych
N183: opakowań
O184: 0 | S184: CZNI1094
I185: =INDEX(Wsad_Ofertowy[#Data],MATCH(S184,Wsad_Ofertowy[Kod],0),21) -> 5 | J185: sztuk w opakowaniu
...

Sheet zalewane
J6: Dane logistyczne | N6: Ilość zamawianych
N7: opakowań
O8: 0 | S8: CZNI1013
I9: =INDEX(Wsad_Ofertowy[#Data],MATCH(S8,Wsad_Ofertowy[Kod],0),21) -> 1 | J9: sztuk w opakowaniu
D11: =INDEX(Wsad_Ofertowy[#Data],MATCH(S8,Wsad_Ofertowy[Kod],0),4) -> Znicz otwarty Misa duża nakrapiana Czarna | G11: {=INDEX(Wsad_Ofertowy[#Data],MATCH(S8,Wsad_Ofertowy[Kod],0),'Generowanie podsumowania zam'!$U$1)} -> 70.26 | R11: =I9*G11*O8 -> 0
E12: =INDEX(Wsad_Ofertowy[#Data],MATCH(S8,Wsad_Ofertowy[Kod],0),5) -> 5907702535548 | G12: cena za szt. | R12: wartość zamawiana
J17: Dane logistyczne | N17: Ilość zamawianych
N18: opakowań
O19: 0 | S19: CZNI1025
I20: =INDEX(Wsad_Ofertowy[#Data],MATCH(S19,Wsad_Ofertowy[Kod],0),21) -> 1 | J20: sztuk w opakowaniu
D22: =INDEX(Wsad_Ofertowy[#Data],MATCH(S19,Wsad_Ofertowy[Kod],0),4) -> Znicz otwarty Misa mała nakrapiana Czarna | G22: {=INDEX(Wsad_Ofertowy[#Data],MATCH(S19,Wsad_Ofertowy[Kod],0),'Generowanie podsumowania zam'!$U$1)} -> 47.2 | R22: =I20*G22*O19 -> 0
E23: =INDEX(Wsad_Ofertowy[#Data],MATCH(S19,Wsad_Ofertowy[Kod],0),5) -> 5907702535555 | G23: cena za szt. | R23: wartość zamawiana

Sheet okazjonalne
J6: Dane logistyczne | N6: Ilość zamawianych
N7: opakowań
O8: 0 | S8: DAVP0066
I9: =INDEX(Wsad_Ofertowy[#Data],MATCH(S8,Wsad_Ofertowy[Kod],0),21) -> 7 | J9: sztuk w opakowaniu
D11: =INDEX(Wsad_Ofertowy[#Data],MATCH(S8,Wsad_Ofertowy[Kod],0),4) -> L 1210 Serce Tata Białe | G11: {=INDEX(Wsad_Ofertowy[#Data],MATCH(S8,Wsad_Ofertowy[Kod],0),'Generowanie podsumowania zam'!$U$1)} -> 8.19 | R11: =I9*G11*O8 -> 0
E12: =INDEX(Wsad_Ofertowy[#Data],MATCH(S8,Wsad_Ofertowy[Kod],0),5) -> 5907702534091 | G12: cena za szt. | R12: wartość zamawiana
J17: Dane logistyczne | N17: Ilość zamawianych
N18: opakowań
O19: 0 | S19: CZNI0944
I20: =INDEX(Wsad_Ofertowy[#Data],MATCH(S19,Wsad_Ofertowy[Kod],0),21) -> 6 | J20: sztuk w opakowaniu
D22: =INDEX(Wsad_Ofertowy[#Data],MATCH(S19,Wsad_Ofertowy[Kod],0),4) -> L 1750 kochanym rodzicom sr | G22: {=INDEX(Wsad_Ofertowy[#Data],MATCH(S19,Wsad_Ofertowy[Kod],0),'Generowanie podsumowania zam'!$U$1)} -> 11.35 | R22: =I20*G22*O19 -> 0
E23: =INDEX(Wsad_Ofertowy[#Data],MATCH(S19,Wsad_Ofertowy[Kod],0),5) -> 5907702532974 | G23: cena za szt. | R23: wartość zamawiana
J28: Dane logistyczne | N28: Ilość zamawianych
N29: opakowań
O30: 0 | S30: CZNI0945
I31: =INDEX(Wsad_Ofertowy[#Data],MATCH(S30,Wsad_Ofertowy[Kod],0),21) -> 6 | J31: sztuk w opakowaniu
D33: =INDEX(Wsad_Ofertowy[#Data],MATCH(S30,Wsad_Ofertowy[Kod],0),4) -> L 1750 kochanym rodzicom zł | G33: {=INDEX(Wsad_Ofertowy[#Data],MATCH(S30,Wsad_Ofertowy[Kod],0),'Generowanie podsumowania zam'!$U$1)} -> 11.35 | R33: =I31*G33*O30 -> 0
E34: =INDEX(Wsad_Ofertowy[#Data],MATCH(S30,Wsad_Ofertowy[Kod],0),5) -> 5907702532967 | G34: cena za szt. | R34: wartość zamawiana
J39: Dane logistyczne | N39: Ilość zamawianych
N40: opakowań
O41: 0 | S41: CZNI0701
I42: =INDEX(Wsad_Ofertowy[#Data],MATCH(S41,Wsad_Ofertowy[Kod],0),21) -> 4 | J42: sztuk w opakowaniu
D44: =INDEX(Wsad_Ofertowy[#Data],MATCH(S41,Wsad_Ofertowy[Kod],0),4) -> L 2710 mama/sr | G44: {=INDEX(Wsad_Ofertowy[#Data],MATCH(S41,Wsad_Ofertowy[Kod],0),'Generowanie podsumowania zam'!$U$1)} -> 13.29 | R44: =I42*G44*O41 -> 0
E45: =INDEX(Wsad_Ofertowy[#Data],MATCH(S41,Wsad_Ofertowy[Kod],0),5) -> 5907702531755 | G45: cena za szt. | R45: wartość zamawiana
J50: Dane logistyczne | N50: Ilość zamawianych
N51: opakowań
O52: 0 | S52: CZNI0702
I53: =INDEX(Wsad_Ofertowy[#Data],MATCH(S52,Wsad_Ofertowy[Kod],0),21) -> 4 | J53: sztuk w opakowaniu
D55: =INDEX(Wsad_Ofertowy[#Data],MATCH(S52,Wsad_Ofertowy[Kod],0),4) -> L 2710 mama/zł | G55: {=INDEX(Wsad_Ofertowy[#Data],MATCH(S52,Wsad_Ofertowy[Kod],0),'Generowanie podsumowania zam'!$U$1)} -> 13.29 | R55: =I53*G55*O52 -> 0
E56: =INDEX(Wsad_Ofertowy[#Data],MATCH(S52,Wsad_Ofertowy[Kod],0),5) -> 5907702531748 | G56: cena za szt. | R56: wartość zamawiana
J61: Dane logistyczne | N61: Ilość zamawianych
N62: opakowań
O63: 0 | S63: CZNI0748
I64: =INDEX(Wsad_Ofertowy[#Data],MATCH(S63,Wsad_Ofertowy[Kod],0),21) -> 4 | J64: sztuk w opakowaniu
D66: =INDEX(Wsad_Ofertowy[#Data],MATCH(S63,Wsad_Ofertowy[Kod],0),4) -> L 2710 tata SR | G66: {=INDEX(Wsad_Ofertowy[#Data],MATCH(S63,Wsad_Ofertowy[Kod],0),'Generowanie podsumowania zam'!$U$1)} -> 13.29 | R66: =I64*G66*O63 -> 0
E67: =INDEX(Wsad_Ofertowy[#Data],MATCH(S63,Wsad_Ofertowy[Kod],0),5) -> 5907702531823 | G67: cena za szt. | R67: wartość zamawiana
J72: Dane logistyczne | N72: Ilość zamawianych
N73: opakowań
O74: 0 | S74: CZNI0749
I75: =INDEX(Wsad_Ofertowy[#Data],MATCH(S74,Wsad_Ofertowy[Kod],0),21) -> 4 | J75: sztuk w opakowaniu
D77: =INDEX(Wsad_Ofertowy[#Data],MATCH(S74,Wsad_Ofertowy[Kod],0),4) -> L 2710 tata ZŁ | G77: {=INDEX(Wsad_Ofertowy[#Data],MATCH(S74,Wsad_Ofertowy[Kod],0),'Generowanie podsumowania zam'!$U$1)} -> 13.29 | R77: =I75*G77*O74 -> 0
E78: =INDEX(Wsad_Ofertowy[#Data],MATCH(S74,Wsad_Ofertowy[Kod],0),5) -> 5907702531816 | G78: cena za szt. | R78: wartość zamawiana
J83: Dane logistyczne | N83: Ilość zamawianych
N84: opakowań
O85: 0 | S85: CZNI0250
I86: =INDEX(Wsad_Ofertowy[#Data],MATCH(S85,Wsad_Ofertowy[Kod],0),21) -> 8 | J86: sztuk w opakowaniu
D88: =INDEX(Wsad_Ofertowy[#Data],MATCH(S85,Wsad_Ofertowy[Kod],0),4) -> L 925 babcia | G88: {=INDEX(Wsad_Ofertowy[#Data],MATCH(S85,Wsad_Ofertowy[Kod],0),'Generowanie podsumowania zam'!$U$1)} -> 6.49 | R88: =I86*G88*O85 -> 0
E89: =INDEX(Wsad_Ofertowy[#Data],MATCH(S85,Wsad_Ofertowy[Kod],0),5) -> 5907702528519 | G89: cena za szt. | R89: wartość zamawiana
J94: Dane logistyczne | N94: Ilość zamawianych
N95: opakowań
O96: 0 | S96: DAVP0070
I97: =INDEX(Wsad_Ofertowy[#Data],MATCH(S96,Wsad_Ofertowy[Kod],0),21) -> 4 | J97: sztuk w opakowaniu
D99: =INDEX(Wsad_Ofertowy[#Data],MATCH(S96,Wsad_Ofertowy[Kod],0),4) -> Serce SE-4 Tata | G99: {=INDEX(Wsad_Ofertowy[#Data],MATCH(S96,Wsad_Ofertowy[Kod],0),'Generowanie podsumowania zam'!$U$1)} -> 15.99 | R99: =I97*G99*O96 -> 0
E100: =INDEX(Wsad_Ofertowy[#Data],MATCH(S96,Wsad_Ofertowy[Kod],0),5) -> 5907702534176 | G100: cena za szt. | R100: wartość zamawiana
J105: Dane logistyczne | N105: Ilość zamawianych
N106: opakowań
O107: 0 | S107: CZNI0410
I108: =INDEX(Wsad_Ofertowy[#Data],MATCH(S107,Wsad_Ofertowy[Kod],0),21) -> 8 | J108: sztuk w opakowaniu
D110: =INDEX(Wsad_Ofertowy[#Data],MATCH(S107,Wsad_Ofertowy[Kod],0),4) -> Serce wenecja BABCIA | G110: {=INDEX(Wsad_Ofertowy[#Data],MATCH(S107,Wsad_Ofertowy[Kod],0),'Generowanie podsumowania zam'!$U$1)} -> 6.25 | R110: =I108*G110*O107 -> 0
E111: =INDEX(Wsad_Ofertowy[#Data],MATCH(S107,Wsad_Ofertowy[Kod],0),5) -> 5907702514109 | G111: cena za szt. | R111: wartość zamawiana
J116: Dane logistyczne | N116: Ilość zamawianych
N117: opakowań
O118: 0 | S118: CZNI0411
I119: =INDEX(Wsad_Ofertowy[#Data],MATCH(S118,Wsad_Ofertowy[Kod],0),21) -> 8 | J119: sztuk w opakowaniu
D121: =INDEX(Wsad_Ofertowy[#Data],MATCH(S118,Wsad_Ofertowy[Kod],0),4) -> Serce wenecja babcia B/sr | G121: {=INDEX(Wsad_Ofertowy[#Data],MATCH(S118,Wsad_Ofertowy[Kod],0),'Generowanie podsumowania zam'!$U$1)} -> 6.25 | R121: =I119*G121*O118 -> 0
E122: =INDEX(Wsad_Ofertowy[#Data],MATCH(S118,Wsad_Ofertowy[Kod],0),5) -> 5907702525549 | G122: cena za szt. | R122: wartość zamawiana
J127: Dane logistyczne | N127: Ilość zamawianych
N128: opakowań
O129: 0 | S129: CZNI0412
I130: =INDEX(Wsad_Ofertowy[#Data],MATCH(S129,Wsad_Ofertowy[Kod],0),21) -> 8 | J130: sztuk w opakowaniu
D132: =INDEX(Wsad_Ofertowy[#Data],MATCH(S129,Wsad_Ofertowy[Kod],0),4) -> Serce wenecja babcia B/zł | G132: {=INDEX(Wsad_Ofertowy[#Data],MATCH(S129,Wsad_Ofertowy[Kod],0),'Generowanie podsumowania zam'!$U$1)} -> 6.25 | R132: =I130*G132*O129 -> 0
E133: =INDEX(Wsad_Ofertowy[#Data],MATCH(S129,Wsad_Ofertowy[Kod],0),5) -> 5907702525532 | G133: cena za szt. | R133: wartość zamawiana
J138: Dane logistyczne | N138: Ilość zamawianych
N139: opakowań
O140: 0 | S140: CZNI0416
I141: =INDEX(Wsad_Ofertowy[#Data],MATCH(S140,Wsad_Ofertowy[Kod],0),21) -> 8 | J141: sztuk w opakowaniu
D143: =INDEX(Wsad_Ofertowy[#Data],MATCH(S140,Wsad_Ofertowy[Kod],0),4) -> Serce wenecja MAMA | G143: {=INDEX(Wsad_Ofertowy[#Data],MATCH(S140,Wsad_Ofertowy[Kod],0),'Generowanie podsumowania zam'!$U$1)} -> 6.39 | R143: =I141*G143*O140 -> 0
E144: =INDEX(Wsad_Ofertowy[#Data],MATCH(S140,Wsad_Ofertowy[Kod],0),5) -> 5907702512884 | G144: cena za szt. | R144: wartość zamawiana
J149: Dane logistyczne | N149: Ilość zamawianych
N150: opakowań
O151: 0 | S151: CZNI0417
I152: =INDEX(Wsad_Ofertowy[#Data],MATCH(S151,Wsad_Ofertowy[Kod],0),21) -> 8 | J152: sztuk w opakowaniu
D154: =INDEX(Wsad_Ofertowy[#Data],MATCH(S151,Wsad_Ofertowy[Kod],0),4) -> Serce wenecja mama B/sr | G154: {=INDEX(Wsad_Ofertowy[#Data],MATCH(S151,Wsad_Ofertowy[Kod],0),'Generowanie podsumowania zam'!$U$1)} -> 6.39 | R154: =I152*G154*O151 -> 0
E155: =INDEX(Wsad_Ofertowy[#Data],MATCH(S151,Wsad_Ofertowy[Kod],0),5) -> 5907702526539 | G155: cena za szt. | R155: wartość zamawiana
J160: Dane logistyczne | N160: Ilość zamawianych
N161: opakowań
O162: 0 | S162: CZNI0418
I163: =INDEX(Wsad_Ofertowy[#Data],MATCH(S162,Wsad_Ofertowy[Kod],0),21) -> 8 | J163: sztuk w opakowaniu
D165: =INDEX(Wsad_Ofertowy[#Data],MATCH(S162,Wsad_Ofertowy[Kod],0),4) -> Serce wenecja mama B/zł | G165: {=INDEX(Wsad_Ofertowy[#Data],MATCH(S162,Wsad_Ofertowy[Kod],0),'Generowanie podsumowania zam'!$U$1)} -> 6.39 | R165: =I163*G165*O162 -> 0
E166: =INDEX(Wsad_Ofertowy[#Data],MATCH(S162,Wsad_Ofertowy[Kod],0),5) -> 5907702526546 | G166: cena za szt. | R166: wartość zamawiana
J171: Dane logistyczne | N171: Ilość zamawianych
N172: opakowań
O173: 0 | S173: CZNI0421
I174: =INDEX(Wsad_Ofertowy[#Data],MATCH(S173,Wsad_Ofertowy[Kod],0),21) -> 8 | J174: sztuk w opakowaniu
D176: =INDEX(Wsad_Ofertowy[#Data],MATCH(S173,Wsad_Ofertowy[Kod],0),4) -> Serce wenecja tata B/sr | G176: {=INDEX(Wsad_Ofertowy[#Data],MATCH(S173,Wsad_Ofertowy[Kod],0),'Generowanie podsumowania zam'!$U$1)} -> 6.39 | R176: =I174*G176*O173 -> 0
E177: =INDEX(Wsad_Ofertowy[#Data],MATCH(S173,Wsad_Ofertowy[Kod],0),5) -> 5907702526577 | G177: cena za szt. | R177: wartość zamawiana
J182: Dane logistyczne | N182: Ilość zamawianych
N183: opakowań
O184: 0 | S184: CZNI0422
I185: =INDEX(Wsad_Ofertowy[#Data],MATCH(S184,Wsad_Ofertowy[Kod],0),21) -> 8 | J185: sztuk w opakowaniu
...

Sheet lampiony
J6: Dane logistyczne | N6: Ilość zamawianych
N7: opakowań
O8: 0 | S8: IMPA0007
I9: =INDEX(Wsad_Ofertowy[#Data],MATCH(S8,Wsad_Ofertowy[Kod],0),21) -> 8 | J9: sztuk w opakowaniu
D11: =INDEX(Wsad_Ofertowy[#Data],MATCH(S8,Wsad_Ofertowy[Kod],0),4) -> Imp Lampion gracja mała mix biała | G11: {=INDEX(Wsad_Ofertowy[#Data],MATCH(S8,Wsad_Ofertowy[Kod],0),'Generowanie podsumowania zam'!$U$1)} -> 28.75 | R11: =I9*G11*O8 -> 0
E12: =INDEX(Wsad_Ofertowy[#Data],MATCH(S8,Wsad_Ofertowy[Kod],0),5) -> 5907702527826 | G12: cena za szt. | R12: wartość zamawiana
J17: Dane logistyczne | N17: Ilość zamawianych
N18: opakowań
O19: 0 | S19: SMAL0031
I20: =INDEX(Wsad_Ofertowy[#Data],MATCH(S19,Wsad_Ofertowy[Kod],0),21) -> 6 | J20: sztuk w opakowaniu
D22: =INDEX(Wsad_Ofertowy[#Data],MATCH(S19,Wsad_Ofertowy[Kod],0),4) -> Kapliczka Prosta krzyż lusto MIX-P. | G22: {=INDEX(Wsad_Ofertowy[#Data],MATCH(S19,Wsad_Ofertowy[Kod],0),'Generowanie podsumowania zam'!$U$1)} -> 22.95 | R22: =I20*G22*O19 -> 0
E23: =INDEX(Wsad_Ofertowy[#Data],MATCH(S19,Wsad_Ofertowy[Kod],0),5) -> 5907702534237 | G23: cena za szt. | R23: wartość zamawiana
J28: Dane logistyczne | N28: Ilość zamawianych
N29: opakowań
O30: 0 | S30: IMPA0101
I31: =INDEX(Wsad_Ofertowy[#Data],MATCH(S30,Wsad_Ofertowy[Kod],0),21) -> 8 | J31: sztuk w opakowaniu
D33: =INDEX(Wsad_Ofertowy[#Data],MATCH(S30,Wsad_Ofertowy[Kod],0),4) -> Lampion Drzewo SR | G33: {=INDEX(Wsad_Ofertowy[#Data],MATCH(S30,Wsad_Ofertowy[Kod],0),'Generowanie podsumowania zam'!$U$1)} -> 39.99 | R33: =I31*G33*O30 -> 0
E34: =INDEX(Wsad_Ofertowy[#Data],MATCH(S30,Wsad_Ofertowy[Kod],0),5) -> 5907702535524 | G34: cena za szt. | R34: wartość zamawiana
J39: Dane logistyczne | N39: Ilość zamawianych
N40: opakowań
O41: 0 | S41: IMPA0102
I42: =INDEX(Wsad_Ofertowy[#Data],MATCH(S41,Wsad_Ofertowy[Kod],0),21) -> 8 | J42: sztuk w opakowaniu
D44: =INDEX(Wsad_Ofertowy[#Data],MATCH(S41,Wsad_Ofertowy[Kod],0),4) -> Lampion Drzewo zl | G44: {=INDEX(Wsad_Ofertowy[#Data],MATCH(S41,Wsad_Ofertowy[Kod],0),'Generowanie podsumowania zam'!$U$1)} -> 39.99 | R44: =I42*G44*O41 -> 0
E45: =INDEX(Wsad_Ofertowy[#Data],MATCH(S41,Wsad_Ofertowy[Kod],0),5) -> 5907702535531 | G45: cena za szt. | R45: wartość zamawiana
J50: Dane logistyczne | N50: Ilość zamawianych
N51: opakowań
O52: 0 | S52: IMPA0124
I53: =INDEX(Wsad_Ofertowy[#Data],MATCH(S52,Wsad_Ofertowy[Kod],0),21) -> 8 | J53: sztuk w opakowaniu
D55: =INDEX(Wsad_Ofertowy[#Data],MATCH(S52,Wsad_Ofertowy[Kod],0),4) -> Lampion Gracja mała MIX-P. | G55: {=INDEX(Wsad_Ofertowy[#Data],MATCH(S52,Wsad_Ofertowy[Kod],0),'Generowanie podsumowania zam'!$U$1)} -> 28.98 | R55: =I53*G55*O52 -> 0
E56: =INDEX(Wsad_Ofertowy[#Data],MATCH(S52,Wsad_Ofertowy[Kod],0),5) -> 5907702534183 | G56: cena za szt. | R56: wartość zamawiana
J61: Dane logistyczne | N61: Ilość zamawianych
N62: opakowań
O63: 0 | S63: SILV0013
I64: =INDEX(Wsad_Ofertowy[#Data],MATCH(S63,Wsad_Ofertowy[Kod],0),21) -> 6 | J64: sztuk w opakowaniu
D66: =INDEX(Wsad_Ofertowy[#Data],MATCH(S63,Wsad_Ofertowy[Kod],0),4) -> Lampion Kwadrat Biały | G66: {=INDEX(Wsad_Ofertowy[#Data],MATCH(S63,Wsad_Ofertowy[Kod],0),'Generowanie podsumowania zam'!$U$1)} -> 25.95 | R66: =I64*G66*O63 -> 0
E67: =INDEX(Wsad_Ofertowy[#Data],MATCH(S63,Wsad_Ofertowy[Kod],0),5) -> 5907702534213 | G67: cena za szt. | R67: wartość zamawiana
J72: Dane logistyczne | N72: Ilość zamawianych
N73: opakowań
O74: 0 | S74: SILV0014
I75: =INDEX(Wsad_Ofertowy[#Data],MATCH(S74,Wsad_Ofertowy[Kod],0),21) -> 6 | J75: sztuk w opakowaniu
D77: =INDEX(Wsad_Ofertowy[#Data],MATCH(S74,Wsad_Ofertowy[Kod],0),4) -> Lampion Sentencja krzyż Biały | G77: {=INDEX(Wsad_Ofertowy[#Data],MATCH(S74,Wsad_Ofertowy[Kod],0),'Generowanie podsumowania zam'!$U$1)} -> 28.98 | R77: =I75*G77*O74 -> 0
E78: =INDEX(Wsad_Ofertowy[#Data],MATCH(S74,Wsad_Ofertowy[Kod],0),5) -> 5907702534220 | G78: cena za szt. | R78: wartość zamawiana
J83: Dane logistyczne | N83: Ilość zamawianych
N84: opakowań
O85: 0 | S85: SILV0016
I86: =INDEX(Wsad_Ofertowy[#Data],MATCH(S85,Wsad_Ofertowy[Kod],0),21) -> 6 | J86: sztuk w opakowaniu
D88: =INDEX(Wsad_Ofertowy[#Data],MATCH(S85,Wsad_Ofertowy[Kod],0),4) -> Lampion Sentencja krzyż Czarny | G88: {=INDEX(Wsad_Ofertowy[#Data],MATCH(S85,Wsad_Ofertowy[Kod],0),'Generowanie podsumowania zam'!$U$1)} -> 28.98 | R88: =I86*G88*O85 -> 0
E89: =INDEX(Wsad_Ofertowy[#Data],MATCH(S85,Wsad_Ofertowy[Kod],0),5) -> 5907702535104 | G89: cena za szt. | R89: wartość zamawiana

Sheet Znicze_led
J6: Dane logistyczne | N6: Ilość zamawianych
N7: opakowań
O8: 0 | S8: CZNI1310
I9: =INDEX(Wsad_Ofertowy[#Data],MATCH(S8,Wsad_Ofertowy[Kod],0),21) -> 8 | J9: sztuk w opakowaniu
D11: =INDEX(Wsad_Ofertowy[#Data],MATCH(S8,Wsad_Ofertowy[Kod],0),4) -> Znicz Z 430 solar | G11: {=INDEX(Wsad_Ofertowy[#Data],MATCH(S8,Wsad_Ofertowy[Kod],0),'Generowanie podsumowania zam'!$U$1)} -> 14.73 | R11: =I9*G11*O8 -> 0
E12: =INDEX(Wsad_Ofertowy[#Data],MATCH(S8,Wsad_Ofertowy[Kod],0),5) -> 5907702537580 | G12: cena za szt. | R12: wartość zamawiana
J17: Dane logistyczne | N17: Ilość zamawianych
N18: opakowań
O19: 0 | S19: CZNI1311
I20: =INDEX(Wsad_Ofertowy[#Data],MATCH(S19,Wsad_Ofertowy[Kod],0),21) -> 6 | J20: sztuk w opakowaniu
D22: =INDEX(Wsad_Ofertowy[#Data],MATCH(S19,Wsad_Ofertowy[Kod],0),4) -> Znicz Z 535 solar | G22: {=INDEX(Wsad_Ofertowy[#Data],MATCH(S19,Wsad_Ofertowy[Kod],0),'Generowanie podsumowania zam'!$U$1)} -> 14.2 | R22: =I20*G22*O19 -> 0
E23: =INDEX(Wsad_Ofertowy[#Data],MATCH(S19,Wsad_Ofertowy[Kod],0),5) -> 5907702537573 | G23: cena za szt. | R23: wartość zamawiana

Sheet wkłady
J6: Dane logistyczne | N6: Ilość zamawianych
N7: opakowań
O8: 0 | S8: CWKZ0023
I9: =INDEX(Wsad_Ofertowy[#Data],MATCH(S8,Wsad_Ofertowy[Kod],0),21) -> 20 | J9: sztuk w opakowaniu
D11: =INDEX(Wsad_Ofertowy[#Data],MATCH(S8,Wsad_Ofertowy[Kod],0),4) -> Wk CEiM Eko-oil nr4 4D | G11: {=INDEX(Wsad_Ofertowy[#Data],MATCH(S8,Wsad_Ofertowy[Kod],0),'Generowanie podsumowania zam'!$U$1)} -> 2.69 | R11: =I9*G11*O8 -> 0
E12: =INDEX(Wsad_Ofertowy[#Data],MATCH(S8,Wsad_Ofertowy[Kod],0),5) -> 5907702521596 | G12: cena za szt. | R12: wartość zamawiana
J17: Dane logistyczne | N17: Ilość zamawianych
N18: opakowań
O19: 0 | S19: CWKZ0024
I20: =INDEX(Wsad_Ofertowy[#Data],MATCH(S19,Wsad_Ofertowy[Kod],0),21) -> 16 | J20: sztuk w opakowaniu
D22: =INDEX(Wsad_Ofertowy[#Data],MATCH(S19,Wsad_Ofertowy[Kod],0),4) -> Wk CEiM Eko-oil nr5 5D | G22: {=INDEX(Wsad_Ofertowy[#Data],MATCH(S19,Wsad_Ofertowy[Kod],0),'Generowanie podsumowania zam'!$U$1)} -> 3.39 | R22: =I20*G22*O19 -> 0
E23: =INDEX(Wsad_Ofertowy[#Data],MATCH(S19,Wsad_Ofertowy[Kod],0),5) -> 5907702521619 | G23: cena za szt. | R23: wartość zamawiana
J28: Dane logistyczne | N28: Ilość zamawianych
N29: opakowań
O30: 0 | S30: CWKZ0026
I31: =INDEX(Wsad_Ofertowy[#Data],MATCH(S30,Wsad_Ofertowy[Kod],0),21) -> 16 | J31: sztuk w opakowaniu
D33: =INDEX(Wsad_Ofertowy[#Data],MATCH(S30,Wsad_Ofertowy[Kod],0),4) -> Wk CEiM Eko-oil nr6 6D | G33: {=INDEX(Wsad_Ofertowy[#Data],MATCH(S30,Wsad_Ofertowy[Kod],0),'Generowanie podsumowania zam'!$U$1)} -> 4.29 | R33: =I31*G33*O30 -> 0
E34: =INDEX(Wsad_Ofertowy[#Data],MATCH(S30,Wsad_Ofertowy[Kod],0),5) -> 5907702521626 | G34: cena za szt. | R34: wartość zamawiana
J39: Dane logistyczne | N39: Ilość zamawianych
N40: opakowań
O41: 0 | S41: CWKZ0027
I42: =INDEX(Wsad_Ofertowy[#Data],MATCH(S41,Wsad_Ofertowy[Kod],0),21) -> 20 | J42: sztuk w opakowaniu
D44: =INDEX(Wsad_Ofertowy[#Data],MATCH(S41,Wsad_Ofertowy[Kod],0),4) -> Wk CEiM rozsuwany 3 | G44: {=INDEX(Wsad_Ofertowy[#Data],MATCH(S41,Wsad_Ofertowy[Kod],0),'Generowanie podsumowania zam'!$U$1)} -> 2.89 | R44: =I42*G44*O41 -> 0
E45: =INDEX(Wsad_Ofertowy[#Data],MATCH(S41,Wsad_Ofertowy[Kod],0),5) -> 5907702523279 | G45: cena za szt. | R45: wartość zamawiana
J50: Dane logistyczne | N50: Ilość zamawianych
N51: opakowań
O52: 0 | S52: CWKZ0033
I53: =INDEX(Wsad_Ofertowy[#Data],MATCH(S52,Wsad_Ofertowy[Kod],0),21) -> 20 | J53: sztuk w opakowaniu
D55: =INDEX(Wsad_Ofertowy[#Data],MATCH(S52,Wsad_Ofertowy[Kod],0),4) -> Wk CEiM zniczowy 3 | G55: {=INDEX(Wsad_Ofertowy[#Data],MATCH(S52,Wsad_Ofertowy[Kod],0),'Generowanie podsumowania zam'!$U$1)} -> 2.19 | R55: =I53*G55*O52 -> 0
E56: =INDEX(Wsad_Ofertowy[#Data],MATCH(S52,Wsad_Ofertowy[Kod],0),5) -> 5907702509860 | G56: cena za szt. | R56: wartość zamawiana
J61: Dane logistyczne | N61: Ilość zamawianych
N62: opakowań
O63: 0 | S63: CWKZ0034
I64: =INDEX(Wsad_Ofertowy[#Data],MATCH(S63,Wsad_Ofertowy[Kod],0),21) -> 20 | J64: sztuk w opakowaniu
D66: =INDEX(Wsad_Ofertowy[#Data],MATCH(S63,Wsad_Ofertowy[Kod],0),4) -> Wk CEiM zniczowy 4 | G66: {=INDEX(Wsad_Ofertowy[#Data],MATCH(S63,Wsad_Ofertowy[Kod],0),'Generowanie podsumowania zam'!$U$1)} -> 2.82 | R66: =I64*G66*O63 -> 0
E67: =INDEX(Wsad_Ofertowy[#Data],MATCH(S63,Wsad_Ofertowy[Kod],0),5) -> 5907702509877 | G67: cena za szt. | R67: wartość zamawiana
J72: Dane logistyczne | N72: Ilość zamawianych
N73: opakowań
O74: 0 | S74: CWKZ0035
I75: =INDEX(Wsad_Ofertowy[#Data],MATCH(S74,Wsad_Ofertowy[Kod],0),21) -> 20 | J75: sztuk w opakowaniu
D77: =INDEX(Wsad_Ofertowy[#Data],MATCH(S74,Wsad_Ofertowy[Kod],0),4) -> Wk CEiM zniczowy 5 | G77: {=INDEX(Wsad_Ofertowy[#Data],MATCH(S74,Wsad_Ofertowy[Kod],0),'Generowanie podsumowania zam'!$U$1)} -> 3.69 | R77: =I75*G77*O74 -> 0
E78: =INDEX(Wsad_Ofertowy[#Data],MATCH(S74,Wsad_Ofertowy[Kod],0),5) -> 5907702504247 | G78: cena za szt. | R78: wartość zamawiana
J83: Dane logistyczne | N83: Ilość zamawianych
N84: opakowań
O85: 0 | S85: CWKZ0036
I86: =INDEX(Wsad_Ofertowy[#Data],MATCH(S85,Wsad_Ofertowy[Kod],0),21) -> 12 | J86: sztuk w opakowaniu
D88: =INDEX(Wsad_Ofertowy[#Data],MATCH(S85,Wsad_Ofertowy[Kod],0),4) -> Wk CEiM zniczowy 5,5 | G88: {=INDEX(Wsad_Ofertowy[#Data],MATCH(S85,Wsad_Ofertowy[Kod],0),'Generowanie podsumowania zam'!$U$1)} -> 4.48 | R88: =I86*G88*O85 -> 0
E89: =INDEX(Wsad_Ofertowy[#Data],MATCH(S85,Wsad_Ofertowy[Kod],0),5) -> 5907702517650 | G89: cena za szt. | R89: wartość zamawiana
J94: Dane logistyczne | N94: Ilość zamawianych
N95: opakowań
O96: 0 | S96: CWKZ0037
I97: =INDEX(Wsad_Ofertowy[#Data],MATCH(S96,Wsad_Ofertowy[Kod],0),21) -> 16 | J97: sztuk w opakowaniu
D99: =INDEX(Wsad_Ofertowy[#Data],MATCH(S96,Wsad_Ofertowy[Kod],0),4) -> Wk CEiM zniczowy 6 | G99: {=INDEX(Wsad_Ofertowy[#Data],MATCH(S96,Wsad_Ofertowy[Kod],0),'Generowanie podsumowania zam'!$U$1)} -> 4.99 | R99: =I97*G99*O96 -> 0
E100: =INDEX(Wsad_Ofertowy[#Data],MATCH(S96,Wsad_Ofertowy[Kod],0),5) -> 5907702501475 | G100: cena za szt. | R100: wartość zamawiana
J105: Dane logistyczne | N105: Ilość zamawianych
N106: opakowań
O107: 0 | S107: CWKZ0074
I108: =INDEX(Wsad_Ofertowy[#Data],MATCH(S107,Wsad_Ofertowy[Kod],0),21) -> 25 | J108: sztuk w opakowaniu
D110: =INDEX(Wsad_Ofertowy[#Data],MATCH(S107,Wsad_Ofertowy[Kod],0),4) -> Wk promyk 2 | G110: {=INDEX(Wsad_Ofertowy[#Data],MATCH(S107,Wsad_Ofertowy[Kod],0),'Generowanie podsumowania zam'!$U$1)} -> 1.51 | R110: =I108*G110*O107 -> 0
E111: =INDEX(Wsad_Ofertowy[#Data],MATCH(S107,Wsad_Ofertowy[Kod],0),5) -> 5907702524856 | G111: cena za szt. | R111: wartość zamawiana
J116: Dane logistyczne | N116: Ilość zamawianych
N117: opakowań
O118: 0 | S118: CWKZ0076
I119: =INDEX(Wsad_Ofertowy[#Data],MATCH(S118,Wsad_Ofertowy[Kod],0),21) -> 25 | J119: sztuk w opakowaniu
D121: =INDEX(Wsad_Ofertowy[#Data],MATCH(S118,Wsad_Ofertowy[Kod],0),4) -> Wk promyk 3 | G121: {=INDEX(Wsad_Ofertowy[#Data],MATCH(S118,Wsad_Ofertowy[Kod],0),'Generowanie podsumowania zam'!$U$1)} -> 1.84 | R121: =I119*G121*O118 -> 0
E122: =INDEX(Wsad_Ofertowy[#Data],MATCH(S118,Wsad_Ofertowy[Kod],0),5) -> 5907702524801 | G122: cena za szt. | R122: wartość zamawiana
J127: Dane logistyczne | N127: Ilość zamawianych
N128: opakowań
O129: 0 | S129: CWKZ0078
I130: =INDEX(Wsad_Ofertowy[#Data],MATCH(S129,Wsad_Ofertowy[Kod],0),21) -> 25 | J130: sztuk w opakowaniu
D132: =INDEX(Wsad_Ofertowy[#Data],MATCH(S129,Wsad_Ofertowy[Kod],0),4) -> Wk promyk 4 | G132: {=INDEX(Wsad_Ofertowy[#Data],MATCH(S129,Wsad_Ofertowy[Kod],0),'Generowanie podsumowania zam'!$U$1)} -> 2.2 | R132: =I130*G132*O129 -> 0
E133: =INDEX(Wsad_Ofertowy[#Data],MATCH(S129,Wsad_Ofertowy[Kod],0),5) -> 5907702524818 | G133: cena za szt. | R133: wartość zamawiana

Sheet wkłady_led
J6: Dane logistyczne | N6: Ilość zamawianych
N7: opakowań
O8: 0 | S8: ASSA0031
I9: =INDEX(Wsad_Ofertowy[#Data],MATCH(S8,Wsad_Ofertowy[Kod],0),21) -> 12 | J9: sztuk w opakowaniu
D11: =INDEX(Wsad_Ofertowy[#Data],MATCH(S8,Wsad_Ofertowy[Kod],0),4) -> Ass Świetlik S1 - biały | G11: {=INDEX(Wsad_Ofertowy[#Data],MATCH(S8,Wsad_Ofertowy[Kod],0),'Generowanie podsumowania zam'!$U$1)} -> 3.35 | R11: =I9*G11*O8 -> 0
E12: =INDEX(Wsad_Ofertowy[#Data],MATCH(S8,Wsad_Ofertowy[Kod],0),5) -> 5907646175725 | G12: cena za szt. | R12: wartość zamawiana
J17: Dane logistyczne | N17: Ilość zamawianych
N18: opakowań
O19: 0 | S19: ASSA0032
I20: =INDEX(Wsad_Ofertowy[#Data],MATCH(S19,Wsad_Ofertowy[Kod],0),21) -> 12 | J20: sztuk w opakowaniu
D22: =INDEX(Wsad_Ofertowy[#Data],MATCH(S19,Wsad_Ofertowy[Kod],0),4) -> Ass Świetlik S1 - czerwony | G22: {=INDEX(Wsad_Ofertowy[#Data],MATCH(S19,Wsad_Ofertowy[Kod],0),'Generowanie podsumowania zam'!$U$1)} -> 3.35 | R22: =I20*G22*O19 -> 0
E23: =INDEX(Wsad_Ofertowy[#Data],MATCH(S19,Wsad_Ofertowy[Kod],0),5) -> 5907646175725 | G23: cena za szt. | R23: wartość zamawiana
J28: Dane logistyczne | N28: Ilość zamawianych
N29: opakowań
O30: 0 | S30: ASSA0033
I31: =INDEX(Wsad_Ofertowy[#Data],MATCH(S30,Wsad_Ofertowy[Kod],0),21) -> 12 | J31: sztuk w opakowaniu
D33: =INDEX(Wsad_Ofertowy[#Data],MATCH(S30,Wsad_Ofertowy[Kod],0),4) -> Ass Świetlik S1 - fioletowy | G33: {=INDEX(Wsad_Ofertowy[#Data],MATCH(S30,Wsad_Ofertowy[Kod],0),'Generowanie podsumowania zam'!$U$1)} -> 3.35 | R33: =I31*G33*O30 -> 0
E34: =INDEX(Wsad_Ofertowy[#Data],MATCH(S30,Wsad_Ofertowy[Kod],0),5) -> 5907646175725 | G34: cena za szt. | R34: wartość zamawiana
J39: Dane logistyczne | N39: Ilość zamawianych
N40: opakowań
O41: 0 | S41: ASSA0034
I42: =INDEX(Wsad_Ofertowy[#Data],MATCH(S41,Wsad_Ofertowy[Kod],0),21) -> 24 | J42: sztuk w opakowaniu
D44: =INDEX(Wsad_Ofertowy[#Data],MATCH(S41,Wsad_Ofertowy[Kod],0),4) -> Ass Świetlik S1 - mix | G44: {=INDEX(Wsad_Ofertowy[#Data],MATCH(S41,Wsad_Ofertowy[Kod],0),'Generowanie podsumowania zam'!$U$1)} -> 3.35 | R44: =I42*G44*O41 -> 0
E45: =INDEX(Wsad_Ofertowy[#Data],MATCH(S41,Wsad_Ofertowy[Kod],0),5) -> 5907646175725 | G45: cena za szt. | R45: wartość zamawiana
J50: Dane logistyczne | N50: Ilość zamawianych
N51: opakowań
O52: 0 | S52: ASSA0035
I53: =INDEX(Wsad_Ofertowy[#Data],MATCH(S52,Wsad_Ofertowy[Kod],0),21) -> 12 | J53: sztuk w opakowaniu
D55: =INDEX(Wsad_Ofertowy[#Data],MATCH(S52,Wsad_Ofertowy[Kod],0),4) -> Ass Świetlik S1 - niebieski | G55: {=INDEX(Wsad_Ofertowy[#Data],MATCH(S52,Wsad_Ofertowy[Kod],0),'Generowanie podsumowania zam'!$U$1)} -> 3.35 | R55: =I53*G55*O52 -> 0
E56: =INDEX(Wsad_Ofertowy[#Data],MATCH(S52,Wsad_Ofertowy[Kod],0),5) -> 5907646175725 | G56: cena za szt. | R56: wartość zamawiana
J61: Dane logistyczne | N61: Ilość zamawianych
N62: opakowań
O63: 0 | S63: ASSA0036
I64: =INDEX(Wsad_Ofertowy[#Data],MATCH(S63,Wsad_Ofertowy[Kod],0),21) -> 12 | J64: sztuk w opakowaniu
D66: =INDEX(Wsad_Ofertowy[#Data],MATCH(S63,Wsad_Ofertowy[Kod],0),4) -> Ass Świetlik S1 - pomarańcz | G66: {=INDEX(Wsad_Ofertowy[#Data],MATCH(S63,Wsad_Ofertowy[Kod],0),'Generowanie podsumowania zam'!$U$1)} -> 3.35 | R66: =I64*G66*O63 -> 0
E67: =INDEX(Wsad_Ofertowy[#Data],MATCH(S63,Wsad_Ofertowy[Kod],0),5) -> 5907646175725 | G67: cena za szt. | R67: wartość zamawiana
J72: Dane logistyczne | N72: Ilość zamawianych
N73: opakowań
O74: 0 | S74: ASSA0037
I75: =INDEX(Wsad_Ofertowy[#Data],MATCH(S74,Wsad_Ofertowy[Kod],0),21) -> 12 | J75: sztuk w opakowaniu
D77: =INDEX(Wsad_Ofertowy[#Data],MATCH(S74,Wsad_Ofertowy[Kod],0),4) -> Ass Świetlik S1 - zielony | G77: {=INDEX(Wsad_Ofertowy[#Data],MATCH(S74,Wsad_Ofertowy[Kod],0),'Generowanie podsumowania zam'!$U$1)} -> 3.35 | R77: =I75*G77*O74 -> 0
E78: =INDEX(Wsad_Ofertowy[#Data],MATCH(S74,Wsad_Ofertowy[Kod],0),5) -> 5907646175725 | G78: cena za szt. | R78: wartość zamawiana
J83: Dane logistyczne | N83: Ilość zamawianych
N84: opakowań
O85: 0 | S85: ASSA0038
I86: =INDEX(Wsad_Ofertowy[#Data],MATCH(S85,Wsad_Ofertowy[Kod],0),21) -> 12 | J86: sztuk w opakowaniu
D88: =INDEX(Wsad_Ofertowy[#Data],MATCH(S85,Wsad_Ofertowy[Kod],0),4) -> Ass Świetlik S1 - zmieniający | G88: {=INDEX(Wsad_Ofertowy[#Data],MATCH(S85,Wsad_Ofertowy[Kod],0),'Generowanie podsumowania zam'!$U$1)} -> 3.35 | R88: =I86*G88*O85 -> 0
E89: =INDEX(Wsad_Ofertowy[#Data],MATCH(S85,Wsad_Ofertowy[Kod],0),5) -> 5907646175725 | G89: cena za szt. | R89: wartość zamawiana
J94: Dane logistyczne | N94: Ilość zamawianych
N95: opakowań
O96: 0 | S96: ASSA0039
I97: =INDEX(Wsad_Ofertowy[#Data],MATCH(S96,Wsad_Ofertowy[Kod],0),21) -> 12 | J97: sztuk w opakowaniu
D99: =INDEX(Wsad_Ofertowy[#Data],MATCH(S96,Wsad_Ofertowy[Kod],0),4) -> Ass Świetlik S1 - żółty | G99: {=INDEX(Wsad_Ofertowy[#Data],MATCH(S96,Wsad_Ofertowy[Kod],0),'Generowanie podsumowania zam'!$U$1)} -> 3.35 | R99: =I97*G99*O96 -> 0
E100: =INDEX(Wsad_Ofertowy[#Data],MATCH(S96,Wsad_Ofertowy[Kod],0),5) -> 5907646175725 | G100: cena za szt. | R100: wartość zamawiana
J105: Dane logistyczne | N105: Ilość zamawianych
N106: opakowań
O107: 0 | S107: ASSA0040
I108: =INDEX(Wsad_Ofertowy[#Data],MATCH(S107,Wsad_Ofertowy[Kod],0),21) -> 12 | J108: sztuk w opakowaniu
D110: =INDEX(Wsad_Ofertowy[#Data],MATCH(S107,Wsad_Ofertowy[Kod],0),4) -> Ass Świetlik S5 - biały | G110: {=INDEX(Wsad_Ofertowy[#Data],MATCH(S107,Wsad_Ofertowy[Kod],0),'Generowanie podsumowania zam'!$U$1)} -> 3.14 | R110: =I108*G110*O107 -> 0
E111: =INDEX(Wsad_Ofertowy[#Data],MATCH(S107,Wsad_Ofertowy[Kod],0),5) -> 5907646177538 | G111: cena za szt. | R111: wartość zamawiana
J116: Dane logistyczne | N116: Ilość zamawianych
N117: opakowań
O118: 0 | S118: ASSA0041
I119: =INDEX(Wsad_Ofertowy[#Data],MATCH(S118,Wsad_Ofertowy[Kod],0),21) -> 12 | J119: sztuk w opakowaniu
D121: =INDEX(Wsad_Ofertowy[#Data],MATCH(S118,Wsad_Ofertowy[Kod],0),4) -> Ass Świetlik S5 - czerwony | G121: {=INDEX(Wsad_Ofertowy[#Data],MATCH(S118,Wsad_Ofertowy[Kod],0),'Generowanie podsumowania zam'!$U$1)} -> 3.14 | R121: =I119*G121*O118 -> 0
E122: =INDEX(Wsad_Ofertowy[#Data],MATCH(S118,Wsad_Ofertowy[Kod],0),5) -> 5907646177538 | G122: cena za szt. | R122: wartość zamawiana
J127: Dane logistyczne | N127: Ilość zamawianych
N128: opakowań
O129: 0 | S129: ASSA0042
I130: =INDEX(Wsad_Ofertowy[#Data],MATCH(S129,Wsad_Ofertowy[Kod],0),21) -> 12 | J130: sztuk w opakowaniu
D132: =INDEX(Wsad_Ofertowy[#Data],MATCH(S129,Wsad_Ofertowy[Kod],0),4) -> Ass Świetlik S5 - fioletowy | G132: {=INDEX(Wsad_Ofertowy[#Data],MATCH(S129,Wsad_Ofertowy[Kod],0),'Generowanie podsumowania zam'!$U$1)} -> 3.14 | R132: =I130*G132*O129 -> 0
E133: =INDEX(Wsad_Ofertowy[#Data],MATCH(S129,Wsad_Ofertowy[Kod],0),5) -> 5907646177538 | G133: cena za szt. | R133: wartość zamawiana
J138: Dane logistyczne | N138: Ilość zamawianych
N139: opakowań
O140: 0 | S140: ASSA0043
I141: =INDEX(Wsad_Ofertowy[#Data],MATCH(S140,Wsad_Ofertowy[Kod],0),21) -> 12 | J141: sztuk w opakowaniu
D143: =INDEX(Wsad_Ofertowy[#Data],MATCH(S140,Wsad_Ofertowy[Kod],0),4) -> Ass Świetlik S5 - mix | G143: {=INDEX(Wsad_Ofertowy[#Data],MATCH(S140,Wsad_Ofertowy[Kod],0),'Generowanie podsumowania zam'!$U$1)} -> 3.14 | R143: =I141*G143*O140 -> 0
E144: =INDEX(Wsad_Ofertowy[#Data],MATCH(S140,Wsad_Ofertowy[Kod],0),5) -> 5907646177538 | G144: cena za szt. | R144: wartość zamawiana
J149: Dane logistyczne | N149: Ilość zamawianych
N150: opakowań
O151: 0 | S151: ASSA0044
I152: =INDEX(Wsad_Ofertowy[#Data],MATCH(S151,Wsad_Ofertowy[Kod],0),21) -> 12 | J152: sztuk w opakowaniu
D154: =INDEX(Wsad_Ofertowy[#Data],MATCH(S151,Wsad_Ofertowy[Kod],0),4) -> Ass Świetlik S5 - niebieski | G154: {=INDEX(Wsad_Ofertowy[#Data],MATCH(S151,Wsad_Ofertowy[Kod],0),'Generowanie podsumowania zam'!$U$1)} -> 3.14 | R154: =I152*G154*O151 -> 0
E155: =INDEX(Wsad_Ofertowy[#Data],MATCH(S151,Wsad_Ofertowy[Kod],0),5) -> 5907646177538 | G155: cena za szt. | R155: wartość zamawiana
J160: Dane logistyczne | N160: Ilość zamawianych
N161: opakowań
O162: 0 | S162: ASSA0045
I163: =INDEX(Wsad_Ofertowy[#Data],MATCH(S162,Wsad_Ofertowy[Kod],0),21) -> 12 | J163: sztuk w opakowaniu
D165: =INDEX(Wsad_Ofertowy[#Data],MATCH(S162,Wsad_Ofertowy[Kod],0),4) -> Ass Świetlik S5 - pomarańcz | G165: {=INDEX(Wsad_Ofertowy[#Data],MATCH(S162,Wsad_Ofertowy[Kod],0),'Generowanie podsumowania zam'!$U$1)} -> 3.14 | R165: =I163*G165*O162 -> 0
E166: =INDEX(Wsad_Ofertowy[#Data],MATCH(S162,Wsad_Ofertowy[Kod],0),5) -> 5907646177538 | G166: cena za szt. | R166: wartość zamawiana
J171: Dane logistyczne | N171: Ilość zamawianych
N172: opakowań
O173: 0 | S173: ASSA0046
I174: =INDEX(Wsad_Ofertowy[#Data],MATCH(S173,Wsad_Ofertowy[Kod],0),21) -> 12 | J174: sztuk w opakowaniu
D176: =INDEX(Wsad_Ofertowy[#Data],MATCH(S173,Wsad_Ofertowy[Kod],0),4) -> Ass Świetlik S5 - zielony | G176: {=INDEX(Wsad_Ofertowy[#Data],MATCH(S173,Wsad_Ofertowy[Kod],0),'Generowanie podsumowania zam'!$U$1)} -> 3.14 | R176: =I174*G176*O173 -> 0
E177: =INDEX(Wsad_Ofertowy[#Data],MATCH(S173,Wsad_Ofertowy[Kod],0),5) -> 5907646177538 | G177: cena za szt. | R177: wartość zamawiana
J182: Dane logistyczne | N182: Ilość zamawianych
N183: opakowań
O184: 0 | S184: ASSA0047
I185: =INDEX(Wsad_Ofertowy[#Data],MATCH(S184,Wsad_Ofertowy[Kod],0),21) -> 12 | J185: sztuk w opakowaniu
...

Sheet Zapalarki
D4: #VALUE!
J6: Dane logistyczne | N6: Ilość zamawianych
N7: opakowań
O8: 0 | S8: KOST0030
I9: =INDEX(Wsad_Ofertowy[#Data],MATCH(S8,Wsad_Ofertowy[Kod],0),21) -> 12 | J9: sztuk w opakowaniu
D11: =INDEX(Wsad_Ofertowy[#Data],MATCH(S8,Wsad_Ofertowy[Kod],0),4) -> Kos gaz do zapalniczek 250 ml | G11: {=INDEX(Wsad_Ofertowy[#Data],MATCH(S8,Wsad_Ofertowy[Kod],0),'Generowanie podsumowania zam'!$U$1)} -> 4.69 | R11: =I9*G11*O8 -> 0
E12: =INDEX(Wsad_Ofertowy[#Data],MATCH(S8,Wsad_Ofertowy[Kod],0),5) -> 5907589849127 | G12: cena za szt. | R12: wartość zamawiana
D15: #VALUE!
J17: Dane logistyczne | N17: Ilość zamawianych
N18: opakowań
O19: 0 | S19: KOST0001
I20: =INDEX(Wsad_Ofertowy[#Data],MATCH(S19,Wsad_Ofertowy[Kod],0),21) -> 12 | J20: sztuk w opakowaniu
D22: =INDEX(Wsad_Ofertowy[#Data],MATCH(S19,Wsad_Ofertowy[Kod],0),4) -> Kos gaz do zapalniczek 90 ml | G22: {=INDEX(Wsad_Ofertowy[#Data],MATCH(S19,Wsad_Ofertowy[Kod],0),'Generowanie podsumowania zam'!$U$1)} -> 2.79 | R22: =I20*G22*O19 -> 0
E23: =INDEX(Wsad_Ofertowy[#Data],MATCH(S19,Wsad_Ofertowy[Kod],0),5) -> 5907589849110 | G23: cena za szt. | R23: wartość zamawiana
D26: #VALUE!
J28: Dane logistyczne | N28: Ilość zamawianych
N29: opakowań
O30: 0 | S30: KOST0009
I31: =INDEX(Wsad_Ofertowy[#Data],MATCH(S30,Wsad_Ofertowy[Kod],0),21) -> 25 | J31: sztuk w opakowaniu
D33: =INDEX(Wsad_Ofertowy[#Data],MATCH(S30,Wsad_Ofertowy[Kod],0),4) -> Kos Zapalarka Antenka | G33: {=INDEX(Wsad_Ofertowy[#Data],MATCH(S30,Wsad_Ofertowy[Kod],0),'Generowanie podsumowania zam'!$U$1)} -> 1.94 | R33: =I31*G33*O30 -> 0
E34: =INDEX(Wsad_Ofertowy[#Data],MATCH(S30,Wsad_Ofertowy[Kod],0),5) -> 5907589849158 | G34: cena za szt. | R34: wartość zamawiana
D37: #VALUE!
J39: Dane logistyczne | N39: Ilość zamawianych
N40: opakowań
O41: 0 | S41: KOST0010
I42: =INDEX(Wsad_Ofertowy[#Data],MATCH(S41,Wsad_Ofertowy[Kod],0),21) -> 16 | J42: sztuk w opakowaniu
D44: =INDEX(Wsad_Ofertowy[#Data],MATCH(S41,Wsad_Ofertowy[Kod],0),4) -> Kos Zapalarka Długa 28 | G44: {=INDEX(Wsad_Ofertowy[#Data],MATCH(S41,Wsad_Ofertowy[Kod],0),'Generowanie podsumowania zam'!$U$1)} -> 2.99 | R44: =I42*G44*O41 -> 0
E45: =INDEX(Wsad_Ofertowy[#Data],MATCH(S41,Wsad_Ofertowy[Kod],0),5) -> 5907589849134 | G45: cena za szt. | R45: wartość zamawiana
D48: #VALUE!
J50: Dane logistyczne | N50: Ilość zamawianych
N51: opakowań
O52: 0 | S52: KOST0011
I53: =INDEX(Wsad_Ofertowy[#Data],MATCH(S52,Wsad_Ofertowy[Kod],0),21) -> 25 | J53: sztuk w opakowaniu
D55: =INDEX(Wsad_Ofertowy[#Data],MATCH(S52,Wsad_Ofertowy[Kod],0),4) -> Kos Zapalarka krótka | G55: {=INDEX(Wsad_Ofertowy[#Data],MATCH(S52,Wsad_Ofertowy[Kod],0),'Generowanie podsumowania zam'!$U$1)} -> 1.65 | R55: =I53*G55*O52 -> 0
E56: =INDEX(Wsad_Ofertowy[#Data],MATCH(S52,Wsad_Ofertowy[Kod],0),5) -> 5907589849141 | G56: cena za szt. | R56: wartość zamawiana
J61: Dane logistyczne | N61: Ilość zamawianych
N62: opakowań
O63: 0 | S63: KOST0012
I64: =INDEX(Wsad_Ofertowy[#Data],MATCH(S63,Wsad_Ofertowy[Kod],0),21) -> 25 | J64: sztuk w opakowaniu
D66: =INDEX(Wsad_Ofertowy[#Data],MATCH(S63,Wsad_Ofertowy[Kod],0),4) -> Kos Zapalarka krótka żarowa | G66: {=INDEX(Wsad_Ofertowy[#Data],MATCH(S63,Wsad_Ofertowy[Kod],0),'Generowanie podsumowania zam'!$U$1)} -> 1.79 | R66: =I64*G66*O63 -> 0
E67: =INDEX(Wsad_Ofertowy[#Data],MATCH(S63,Wsad_Ofertowy[Kod],0),5) -> 5903240024766 | G67: cena za szt. | R67: wartość zamawiana
D70: #VALUE!
J72: Dane logistyczne | N72: Ilość zamawianych
N73: opakowań
O74: 0 | S74: KOST0013
I75: =INDEX(Wsad_Ofertowy[#Data],MATCH(S74,Wsad_Ofertowy[Kod],0),21) -> 16 | J75: sztuk w opakowaniu
D77: =INDEX(Wsad_Ofertowy[#Data],MATCH(S74,Wsad_Ofertowy[Kod],0),4) -> Kos Zapalarka Okrągła 21-ZG-07 | G77: {=INDEX(Wsad_Ofertowy[#Data],MATCH(S74,Wsad_Ofertowy[Kod],0),'Generowanie podsumowania zam'!$U$1)} -> 2.99 | R77: =I75*G77*O74 -> 0
E78: =INDEX(Wsad_Ofertowy[#Data],MATCH(S74,Wsad_Ofertowy[Kod],0),5) -> 5903240024476 | G78: cena za szt. | R78: wartość zamawiana
D81: #VALUE!
J83: Dane logistyczne | N83: Ilość zamawianych
N84: opakowań
O85: 0 | S85: KOST0031
I86: =INDEX(Wsad_Ofertowy[#Data],MATCH(S85,Wsad_Ofertowy[Kod],0),21) -> 12 | J86: sztuk w opakowaniu
D88: =INDEX(Wsad_Ofertowy[#Data],MATCH(S85,Wsad_Ofertowy[Kod],0),4) -> Kos zapalarka palnik gazowy Torch T1 | G88: {=INDEX(Wsad_Ofertowy[#Data],MATCH(S85,Wsad_Ofertowy[Kod],0),'Generowanie podsumowania zam'!$U$1)} -> 4.99 | R88: =I86*G88*O85 -> 0
E89: =INDEX(Wsad_Ofertowy[#Data],MATCH(S85,Wsad_Ofertowy[Kod],0),5) -> 5903240024124 | G89: cena za szt. | R89: wartość zamawiana
D92: #VALUE!
J94: Dane logistyczne | N94: Ilość zamawianych
N95: opakowań
O96: 0 | S96: KOST0014
I97: =INDEX(Wsad_Ofertowy[#Data],MATCH(S96,Wsad_Ofertowy[Kod],0),21) -> 16 | J97: sztuk w opakowaniu
D99: =INDEX(Wsad_Ofertowy[#Data],MATCH(S96,Wsad_Ofertowy[Kod],0),4) -> Kos Zapalarka Składana | G99: {=INDEX(Wsad_Ofertowy[#Data],MATCH(S96,Wsad_Ofertowy[Kod],0),'Generowanie podsumowania zam'!$U$1)} -> 2.59 | R99: =I97*G99*O96 -> 0
E100: =INDEX(Wsad_Ofertowy[#Data],MATCH(S96,Wsad_Ofertowy[Kod],0),5) -> 5907589849592 | G100: cena za szt. | R100: wartość zamawiana
D103: #VALUE!
J105: Dane logistyczne | N105: Ilość zamawianych
N106: opakowań
O107: 0 | S107: KOST0015
I108: =INDEX(Wsad_Ofertowy[#Data],MATCH(S107,Wsad_Ofertowy[Kod],0),21) -> 25 | J108: sztuk w opakowaniu
D110: =INDEX(Wsad_Ofertowy[#Data],MATCH(S107,Wsad_Ofertowy[Kod],0),4) -> Kos Zapalarka Tuba | G110: {=INDEX(Wsad_Ofertowy[#Data],MATCH(S107,Wsad_Ofertowy[Kod],0),'Generowanie podsumowania zam'!$U$1)} -> 4.15 | R110: =I108*G110*O107 -> 0
E111: =INDEX(Wsad_Ofertowy[#Data],MATCH(S107,Wsad_Ofertowy[Kod],0),5) -> 5903240024636 | G111: cena za szt. | R111: wartość zamawiana
J116: Dane logistyczne | N116: Ilość zamawianych
N117: opakowań
O118: 0 | S118: KOST0033
I119: =INDEX(Wsad_Ofertowy[#Data],MATCH(S118,Wsad_Ofertowy[Kod],0),21) -> 25 | J119: sztuk w opakowaniu
D121: =INDEX(Wsad_Ofertowy[#Data],MATCH(S118,Wsad_Ofertowy[Kod],0),4) -> Kos Zapalniczka K-06 color mix | G121: {=INDEX(Wsad_Ofertowy[#Data],MATCH(S118,Wsad_Ofertowy[Kod],0),'Generowanie podsumowania zam'!$U$1)} -> 0.59 | R121: =I119*G121*O118 -> 0
E122: =INDEX(Wsad_Ofertowy[#Data],MATCH(S118,Wsad_Ofertowy[Kod],0),5) -> 5907589849653 | G122: cena za szt. | R122: wartość zamawiana
J127: Dane logistyczne | N127: Ilość zamawianych
N128: opakowań
O129: 0 | S129: KOST0021
I130: =INDEX(Wsad_Ofertowy[#Data],MATCH(S129,Wsad_Ofertowy[Kod],0),21) -> 25 | J130: sztuk w opakowaniu
D132: =INDEX(Wsad_Ofertowy[#Data],MATCH(S129,Wsad_Ofertowy[Kod],0),4) -> Kos Zapalniczka K-06 żaba | G132: {=INDEX(Wsad_Ofertowy[#Data],MATCH(S129,Wsad_Ofertowy[Kod],0),'Generowanie podsumowania zam'!$U$1)} -> 0.79 | R132: =I130*G132*O129 -> 0
E133: =INDEX(Wsad_Ofertowy[#Data],MATCH(S129,Wsad_Ofertowy[Kod],0),5) -> 5907589849295 | G133: cena za szt. | R133: wartość zamawiana
J138: Dane logistyczne | N138: Ilość zamawianych
N139: opakowań
O140: 0 | S140: KOST0038
I141: =INDEX(Wsad_Ofertowy[#Data],MATCH(S140,Wsad_Ofertowy[Kod],0),21) -> 25 | J141: sztuk w opakowaniu
D143: =INDEX(Wsad_Ofertowy[#Data],MATCH(S140,Wsad_Ofertowy[Kod],0),4) -> Kos Zapalniczka K-09 Koniczyna | G143: {=INDEX(Wsad_Ofertowy[#Data],MATCH(S140,Wsad_Ofertowy[Kod],0),'Generowanie podsumowania zam'!$U$1)} -> 0.59 | R143: =I141*G143*O140 -> 0
E144: =INDEX(Wsad_Ofertowy[#Data],MATCH(S140,Wsad_Ofertowy[Kod],0),5) -> 5907589849349 | G144: cena za szt. | R144: wartość zamawiana
J149: Dane logistyczne | N149: Ilość zamawianych
N150: opakowań
O151: 0 | S151: KOST0023
I152: =INDEX(Wsad_Ofertowy[#Data],MATCH(S151,Wsad_Ofertowy[Kod],0),21) -> 25 | J152: sztuk w opakowaniu
D154: =INDEX(Wsad_Ofertowy[#Data],MATCH(S151,Wsad_Ofertowy[Kod],0),4) -> Kos Zapalniczka K-33 żarowa | G154: {=INDEX(Wsad_Ofertowy[#Data],MATCH(S151,Wsad_Ofertowy[Kod],0),'Generowanie podsumowania zam'!$U$1)} -> 1.59 | R154: =I152*G154*O151 -> 0
E155: =INDEX(Wsad_Ofertowy[#Data],MATCH(S151,Wsad_Ofertowy[Kod],0),5) -> 5903240024544 | G155: cena za szt. | R155: wartość zamawiana
J160: Dane logistyczne | N160: Ilość zamawianych
N161: opakowań
O162: 0 | S162: KOST0029
I163: =INDEX(Wsad_Ofertowy[#Data],MATCH(S162,Wsad_Ofertowy[Kod],0),21) -> 50 | J163: sztuk w opakowaniu
D165: =INDEX(Wsad_Ofertowy[#Data],MATCH(S162,Wsad_Ofertowy[Kod],0),4) -> Kos Zapalniczka KR-01 krzesiwowa | G165: {=INDEX(Wsad_Ofertowy[#Data],MATCH(S162,Wsad_Ofertowy[Kod],0),'Generowanie podsumowania zam'!$U$1)} -> 0.49 | R165: =I163*G165*O162 -> 0
E166: =INDEX(Wsad_Ofertowy[#Data],MATCH(S162,Wsad_Ofertowy[Kod],0),5) -> 5907589849363 | G166: cena za szt. | R166: wartość zamawiana

Sheet Podsumowanie zamówienia
E4: Wartość całości zamówienia netto | H4: =SUM(H8:H1048576) -> 0
D7: L.p. | E7: Nazwa | F7: Ilość op. | G7: Cena netto za szt. | H7: Wartość netto | J7: =MAX(Generowanie_Zamówienia[Zliczanie]) -> 0
D8: 1 | E8: =IF(Podsumowanie_[[#This Row],[L.p.]]<=$J$7,INDEX(Generowanie_Zamówienia[],MATCH(Podsumowanie_[[#This Row],[L.p.]],Generowanie_Zamówienia[Zliczanie],0),9),"") | F8: =IF(Podsumowanie_[[#This Row],[L.p.]]<=$J$7,INDEX(Generowanie_Zamówienia[],MATCH(Podsumowanie_[[#This Row],[L.p.]],Generowanie_Zamówienia[Zliczanie],0),2),"") | G8: =IF(Podsumowanie_[[#This Row],[L.p.]]<=$J$7,INDEX(Generowanie_Zamówienia[],MATCH(Podsumowanie_[[#This Row],[L.p.]],Generowanie_Zamówienia[Zliczanie],0),4),"") | H8: =IFERROR(Podsumowanie_[[#This Row],[Ilość op.]]*Podsumowanie_[[#This Row],[Cena netto za szt.]]*INDEX(Generowanie_Zamówienia[],MATCH(Podsumowanie_[[#This Row],[L.p.]],Generowanie_Zamówienia[Zliczanie],0),3),"")
D9: 2 | E9: =IF(Podsumowanie_[[#This Row],[L.p.]]<=$J$7,INDEX(Generowanie_Zamówienia[],MATCH(Podsumowanie_[[#This Row],[L.p.]],Generowanie_Zamówienia[Zliczanie],0),9),"") | F9: =IF(Podsumowanie_[[#This Row],[L.p.]]<=$J$7,INDEX(Generowanie_Zamówienia[],MATCH(Podsumowanie_[[#This Row],[L.p.]],Generowanie_Zamówienia[Zliczanie],0),2),"") | G9: =IF(Podsumowanie_[[#This Row],[L.p.]]<=$J$7,INDEX(Generowanie_Zamówienia[],MATCH(Podsumowanie_[[#This Row],[L.p.]],Generowanie_Zamówienia[Zliczanie],0),4),"") | H9: =IFERROR(Podsumowanie_[[#This Row],[Ilość op.]]*Podsumowanie_[[#This Row],[Cena netto za szt.]]*INDEX(Generowanie_Zamówienia[],MATCH(Podsumowanie_[[#This Row],[L.p.]],Generowanie_Zamówienia[Zliczanie],0),3),"")
D10: 3 | E10: =IF(Podsumowanie_[[#This Row],[L.p.]]<=$J$7,INDEX(Generowanie_Zamówienia[],MATCH(Podsumowanie_[[#This Row],[L.p.]],Generowanie_Zamówienia[Zliczanie],0),9),"") | F10: =IF(Podsumowanie_[[#This Row],[L.p.]]<=$J$7,INDEX(Generowanie_Zamówienia[],MATCH(Podsumowanie_[[#This Row],[L.p.]],Generowanie_Zamówienia[Zliczanie],0),2),"") | G10: =IF(Podsumowanie_[[#This Row],[L.p.]]<=$J$7,INDEX(Generowanie_Zamówienia[],MATCH(Podsumowanie_[[#This Row],[L.p.]],Generowanie_Zamówienia[Zliczanie],0),4),"") | H10: =IFERROR(Podsumowanie_[[#This Row],[Ilość op.]]*Podsumowanie_[[#This Row],[Cena netto za szt.]]*INDEX(Generowanie_Zamówienia[],MATCH(Podsumowanie_[[#This Row],[L.p.]],Generowanie_Zamówienia[Zliczanie],0),3),"")
D11: 4 | E11: =IF(Podsumowanie_[[#This Row],[L.p.]]<=$J$7,INDEX(Generowanie_Zamówienia[],MATCH(Podsumowanie_[[#This Row],[L.p.]],Generowanie_Zamówienia[Zliczanie],0),9),"") | F11: =IF(Podsumowanie_[[#This Row],[L.p.]]<=$J$7,INDEX(Generowanie_Zamówienia[],MATCH(Podsumowanie_[[#This Row],[L.p.]],Generowanie_Zamówienia[Zliczanie],0),2),"") | G11: =IF(Podsumowanie_[[#This Row],[L.p.]]<=$J$7,INDEX(Generowanie_Zamówienia[],MATCH(Podsumowanie_[[#This Row],[L.p.]],Generowanie_Zamówienia[Zliczanie],0),4),"") | H11: =IFERROR(Podsumowanie_[[#This Row],[Ilość op.]]*Podsumowanie_[[#This Row],[Cena netto za szt.]]*INDEX(Generowanie_Zamówienia[],MATCH(Podsumowanie_[[#This Row],[L.p.]],Generowanie_Zamówienia[Zliczanie],0),3),"")
D12: 5 | E12: =IF(Podsumowanie_[[#This Row],[L.p.]]<=$J$7,INDEX(Generowanie_Zamówienia[],MATCH(Podsumowanie_[[#This Row],[L.p.]],Generowanie_Zamówienia[Zliczanie],0),9),"") | F12: =IF(Podsumowanie_[[#This Row],[L.p.]]<=$J$7,INDEX(Generowanie_Zamówienia[],MATCH(Podsumowanie_[[#This Row],[L.p.]],Generowanie_Zamówienia[Zliczanie],0),2),"") | G12: =IF(Podsumowanie_[[#This Row],[L.p.]]<=$J$7,INDEX(Generowanie_Zamówienia[],MATCH(Podsumowanie_[[#This Row],[L.p.]],Generowanie_Zamówienia[Zliczanie],0),4),"") | H12: =IFERROR(Podsumowanie_[[#This Row],[Ilość op.]]*Podsumowanie_[[#This Row],[Cena netto za szt.]]*INDEX(Generowanie_Zamówienia[],MATCH(Podsumowanie_[[#This Row],[L.p.]],Generowanie_Zamówienia[Zliczanie],0),3),"")
D13: 6 | E13: =IF(Podsumowanie_[[#This Row],[L.p.]]<=$J$7,INDEX(Generowanie_Zamówienia[],MATCH(Podsumowanie_[[#This Row],[L.p.]],Generowanie_Zamówienia[Zliczanie],0),9),"") | F13: =IF(Podsumowanie_[[#This Row],[L.p.]]<=$J$7,INDEX(Generowanie_Zamówienia[],MATCH(Podsumowanie_[[#This Row],[L.p.]],Generowanie_Zamówienia[Zliczanie],0),2),"") | G13: =IF(Podsumowanie_[[#This Row],[L.p.]]<=$J$7,INDEX(Generowanie_Zamówienia[],MATCH(Podsumowanie_[[#This Row],[L.p.]],Generowanie_Zamówienia[Zliczanie],0),4),"") | H13: =IFERROR(Podsumowanie_[[#This Row],[Ilość op.]]*Podsumowanie_[[#This Row],[Cena netto za szt.]]*INDEX(Generowanie_Zamówienia[],MATCH(Podsumowanie_[[#This Row],[L.p.]],Generowanie_Zamówienia[Zliczanie],0),3),"")
D14: 7 | E14: =IF(Podsumowanie_[[#This Row],[L.p.]]<=$J$7,INDEX(Generowanie_Zamówienia[],MATCH(Podsumowanie_[[#This Row],[L.p.]],Generowanie_Zamówienia[Zliczanie],0),9),"") | F14: =IF(Podsumowanie_[[#This Row],[L.p.]]<=$J$7,INDEX(Generowanie_Zamówienia[],MATCH(Podsumowanie_[[#This Row],[L.p.]],Generowanie_Zamówienia[Zliczanie],0),2),"") | G14: =IF(Podsumowanie_[[#This Row],[L.p.]]<=$J$7,INDEX(Generowanie_Zamówienia[],MATCH(Podsumowanie_[[#This Row],[L.p.]],Generowanie_Zamówienia[Zliczanie],0),4),"") | H14: =IFERROR(Podsumowanie_[[#This Row],[Ilość op.]]*Podsumowanie_[[#This Row],[Cena netto za szt.]]*INDEX(Generowanie_Zamówienia[],MATCH(Podsumowanie_[[#This Row],[L.p.]],Generowanie_Zamówienia[Zliczanie],0),3),"")
D15: 8 | E15: =IF(Podsumowanie_[[#This Row],[L.p.]]<=$J$7,INDEX(Generowanie_Zamówienia[],MATCH(Podsumowanie_[[#This Row],[L.p.]],Generowanie_Zamówienia[Zliczanie],0),9),"") | F15: =IF(Podsumowanie_[[#This Row],[L.p.]]<=$J$7,INDEX(Generowanie_Zamówienia[],MATCH(Podsumowanie_[[#This Row],[L.p.]],Generowanie_Zamówienia[Zliczanie],0),2),"") | G15: =IF(Podsumowanie_[[#This Row],[L.p.]]<=$J$7,INDEX(Generowanie_Zamówienia[],MATCH(Podsumowanie_[[#This Row],[L.p.]],Generowanie_Zamówienia[Zliczanie],0),4),"") | H15: =IFERROR(Podsumowanie_[[#This Row],[Ilość op.]]*Podsumowanie_[[#This Row],[Cena netto za szt.]]*INDEX(Generowanie_Zamówienia[],MATCH(Podsumowanie_[[#This Row],[L.p.]],Generowanie_Zamówienia[Zliczanie],0),3),"")
D16: 9 | E16: =IF(Podsumowanie_[[#This Row],[L.p.]]<=$J$7,INDEX(Generowanie_Zamówienia[],MATCH(Podsumowanie_[[#This Row],[L.p.]],Generowanie_Zamówienia[Zliczanie],0),9),"") | F16: =IF(Podsumowanie_[[#This Row],[L.p.]]<=$J$7,INDEX(Generowanie_Zamówienia[],MATCH(Podsumowanie_[[#This Row],[L.p.]],Generowanie_Zamówienia[Zliczanie],0),2),"") | G16: =IF(Podsumowanie_[[#This Row],[L.p.]]<=$J$7,INDEX(Generowanie_Zamówienia[],MATCH(Podsumowanie_[[#This Row],[L.p.]],Generowanie_Zamówienia[Zliczanie],0),4),"") | H16: =IFERROR(Podsumowanie_[[#This Row],[Ilość op.]]*Podsumowanie_[[#This Row],[Cena netto za szt.]]*INDEX(Generowanie_Zamówienia[],MATCH(Podsumowanie_[[#This Row],[L.p.]],Generowanie_Zamówienia[Zliczanie],0),3),"")
D17: 10 | E17: =IF(Podsumowanie_[[#This Row],[L.p.]]<=$J$7,INDEX(Generowanie_Zamówienia[],MATCH(Podsumowanie_[[#This Row],[L.p.]],Generowanie_Zamówienia[Zliczanie],0),9),"") | F17: =IF(Podsumowanie_[[#This Row],[L.p.]]<=$J$7,INDEX(Generowanie_Zamówienia[],MATCH(Podsumowanie_[[#This Row],[L.p.]],Generowanie_Zamówienia[Zliczanie],0),2),"") | G17: =IF(Podsumowanie_[[#This Row],[L.p.]]<=$J$7,INDEX(Generowanie_Zamówienia[],MATCH(Podsumowanie_[[#This Row],[L.p.]],Generowanie_Zamówienia[Zliczanie],0),4),"") | H17: =IFERROR(Podsumowanie_[[#This Row],[Ilość op.]]*Podsumowanie_[[#This Row],[Cena netto za szt.]]*INDEX(Generowanie_Zamówienia[],MATCH(Podsumowanie_[[#This Row],[L.p.]],Generowanie_Zamówienia[Zliczanie],0),3),"")
D18: 11 | E18: =IF(Podsumowanie_[[#This Row],[L.p.]]<=$J$7,INDEX(Generowanie_Zamówienia[],MATCH(Podsumowanie_[[#This Row],[L.p.]],Generowanie_Zamówienia[Zliczanie],0),9),"") | F18: =IF(Podsumowanie_[[#This Row],[L.p.]]<=$J$7,INDEX(Generowanie_Zamówienia[],MATCH(Podsumowanie_[[#This Row],[L.p.]],Generowanie_Zamówienia[Zliczanie],0),2),"") | G18: =IF(Podsumowanie_[[#This Row],[L.p.]]<=$J$7,INDEX(Generowanie_Zamówienia[],MATCH(Podsumowanie_[[#This Row],[L.p.]],Generowanie_Zamówienia[Zliczanie],0),4),"") | H18: =IFERROR(Podsumowanie_[[#This Row],[Ilość op.]]*Podsumowanie_[[#This Row],[Cena netto za szt.]]*INDEX(Generowanie_Zamówienia[],MATCH(Podsumowanie_[[#This Row],[L.p.]],Generowanie_Zamówienia[Zliczanie],0),3),"")
D19: 12 | E19: =IF(Podsumowanie_[[#This Row],[L.p.]]<=$J$7,INDEX(Generowanie_Zamówienia[],MATCH(Podsumowanie_[[#This Row],[L.p.]],Generowanie_Zamówienia[Zliczanie],0),9),"") | F19: =IF(Podsumowanie_[[#This Row],[L.p.]]<=$J$7,INDEX(Generowanie_Zamówienia[],MATCH(Podsumowanie_[[#This Row],[L.p.]],Generowanie_Zamówienia[Zliczanie],0),2),"") | G19: =IF(Podsumowanie_[[#This Row],[L.p.]]<=$J$7,INDEX(Generowanie_Zamówienia[],MATCH(Podsumowanie_[[#This Row],[L.p.]],Generowanie_Zamówienia[Zliczanie],0),4),"") | H19: =IFERROR(Podsumowanie_[[#This Row],[Ilość op.]]*Podsumowanie_[[#This Row],[Cena netto za szt.]]*INDEX(Generowanie_Zamówienia[],MATCH(Podsumowanie_[[#This Row],[L.p.]],Generowanie_Zamówienia[Zliczanie],0),3),"")
... D686: 679 | E686: =IF(Podsumowanie_[[#This Row],[L.p.]]<=$J$7,INDEX(Generowanie_Zamówienia[],MATCH(Podsumowanie_[[#This Row],[L.p.]],Generowanie_Zamówienia[Zliczanie],0),9),"") | F686: =IF(Podsumowanie_[[#This Row],[L.p.]]<=$J$7,INDEX(Generowanie_Zamówienia[],MATCH(Podsumowanie_[[#This Row],[L.p.]],Generowanie_Zamówienia[Zliczanie],0),2),"") | G686: =IF(Podsumowanie_[[#This Row],[L.p.]]<=$J$7,INDEX(Generowanie_Zamówienia[],MATCH(Podsumowanie_[[#This Row],[L.p.]],Generowanie_Zamówienia[Zliczanie],0),4),"") | H686: =IFERROR(Podsumowanie_[[#This Row],[Ilość op.]]*Podsumowanie_[[#This Row],[Cena netto za szt.]]*INDEX(Generowanie_Zamówienia[],MATCH(Podsumowanie_[[#This Row],[L.p.]],Generowanie_Zamówienia[Zliczanie],0),3),"")

Sheet Generowanie podsumowania zam
A1: KOD_XL | B1: ILOŚĆ OP. ZAMAWIANA | C1: ILOŚC W OP. | D1: CENA | E1: WARTOŚĆ | F1: Pakiet | G1: Nazwa arkusza | H1: Zliczanie | I1: Nazwa | J1: Ilość w sumie | L1: NAZWA PAKIETU | M1: KOD COMARCH | N1: Ilość op. w pak | O1: Ilość szt. w pak | P1: CENA | Q1: Nazwa arkusza | S1: Tutaj wpisz z której kolumny arkusz ma brać cenę we wsadzie ofertowym(numer kolumny licząc od lewej) | U1: 24
A2: =Wsad_Ofertowy[[#This Row],[Kod]] -> ASSA0031 | B2: =IFERROR( INDEX(INDIRECT("'"&Generowanie_Zamówienia[[#This Row],[Nazwa arkusza]]&"'!A1:S1500",TRUE), MATCH(Generowanie_Zamówienia[[#This Row],[KOD_XL]],INDIRECT("'"&Generowanie_Zamówienia[[#This Row],[Nazwa arkusza]]&"'!S1:S1500",TRUE),0), 15),0) -> 0 | C2: =INDEX(Wsad_Ofertowy[],MATCH(Generowanie_Zamówienia[[#This Row],[KOD_XL]],Wsad_Ofertowy[Kod],0),21) -> 12 | D2: {=INDEX(Wsad_Ofertowy[],MATCH(Generowanie_Zamówienia[[#This Row],[KOD_XL]],Wsad_Ofertowy[Kod],0),$U$1)} -> 3.35 | E2: =IFERROR(Generowanie_Zamówienia[[#This Row],[ILOŚĆ OP. ZAMAWIANA]]*Generowanie_Zamówienia[[#This Row],[ILOŚC W OP.]]*Generowanie_Zamówienia[[#This Row],[CENA]],"") -> 0 | F2: =INDEX(Wsad_Ofertowy[],MATCH(Generowanie_Zamówienia[[#This Row],[KOD_XL]],Wsad_Ofertowy[Kod],0),MATCH("nazwa pakietu",Wsad_Ofertowy[#Headers],0)) -> LED_WKŁADY | G2: =IF(MID(Generowanie_Zamówienia[[#This Row],[KOD_XL]],1,3)="PAK", INDEX(Cennik_pakietów[],MATCH(Generowanie_Zamówienia[[#This Row],[KOD_XL]],Cennik_pakietów[KOD COMARCH],0),MATCH("Nazwa arkusza",Cennik_pakietów[#Headers],0)), INDEX(Cennik_pakietów[],MATCH(Generowanie_Zamówienia[[#This Row],[Pakiet]],Cennik_pakietów[NAZWA PAKIETU],0),MATCH("Nazwa arkusza",Cennik_pakietów[#Headers],0))) -> wkłady_led | H2: =IF(Generowanie_Zamówienia[[#This Row],[ILOŚĆ OP. ZAMAWIANA]]>0,COUNTIFS($B$1:B2,">0"),"") | I2: =INDEX(Wsad_Ofertowy[],MATCH(Generowanie_Zamówienia[[#This Row],[KOD_XL]],Wsad_Ofertowy[Kod],0),MATCH("Nazwa",Wsad_Ofertowy[#Headers],0)) -> Ass Świetlik S1 - biały | J2: =Generowanie_Zamówienia[[#This Row],[ILOŚĆ OP. ZAMAWIANA]]*Generowanie_Zamówienia[[#This Row],[ILOŚC W OP.]] -> 0 | L2: DUŻE | M2: 0 | N2: 0 | O2: 0 | P2: 0 | Q2: duże
A3: =Wsad_Ofertowy[[#This Row],[Kod]] -> ASSA0032 | B3: =IFERROR( INDEX(INDIRECT("'"&Generowanie_Zamówienia[[#This Row],[Nazwa arkusza]]&"'!A1:S1500",TRUE), MATCH(Generowanie_Zamówienia[[#This Row],[KOD_XL]],INDIRECT("'"&Generowanie_Zamówienia[[#This Row],[Nazwa arkusza]]&"'!S1:S1500",TRUE),0), 15),0) -> 0 | C3: =INDEX(Wsad_Ofertowy[],MATCH(Generowanie_Zamówienia[[#This Row],[KOD_XL]],Wsad_Ofertowy[Kod],0),21) -> 12 | D3: {=INDEX(Wsad_Ofertowy[],MATCH(Generowanie_Zamówienia[[#This Row],[KOD_XL]],Wsad_Ofertowy[Kod],0),$U$1)} -> 3.35 | E3: =IFERROR(Generowanie_Zamówienia[[#This Row],[ILOŚĆ OP. ZAMAWIANA]]*Generowanie_Zamówienia[[#This Row],[ILOŚC W OP.]]*Generowanie_Zamówienia[[#This Row],[CENA]],"") -> 0 | F3: =INDEX(Wsad_Ofertowy[],MATCH(Generowanie_Zamówienia[[#This Row],[KOD_XL]],Wsad_Ofertowy[Kod],0),MATCH("nazwa pakietu",Wsad_Ofertowy[#Headers],0)) -> LED_WKŁADY | G3: =IF(MID(Generowanie_Zamówienia[[#This Row],[KOD_XL]],1,3)="PAK", INDEX(Cennik_pakietów[],MATCH(Generowanie_Zamówienia[[#This Row],[KOD_XL]],Cennik_pakietów[KOD COMARCH],0),MATCH("Nazwa arkusza",Cennik_pakietów[#Headers],0)), INDEX(Cennik_pakietów[],MATCH(Generowanie_Zamówienia[[#This Row],[Pakiet]],Cennik_pakietów[NAZWA PAKIETU],0),MATCH("Nazwa arkusza",Cennik_pakietów[#Headers],0))) -> wkłady_led | H3: =IF(Generowanie_Zamówienia[[#This Row],[ILOŚĆ OP. ZAMAWIANA]]>0,COUNTIFS($B$1:B3,">0"),"") | I3: =INDEX(Wsad_Ofertowy[],MATCH(Generowanie_Zamówienia[[#This Row],[KOD_XL]],Wsad_Ofertowy[Kod],0),MATCH("Nazwa",Wsad_Ofertowy[#Headers],0)) -> Ass Świetlik S1 - czerwony | J3: =Generowanie_Zamówienia[[#This Row],[ILOŚĆ OP. ZAMAWIANA]]*Generowanie_Zamówienia[[#This Row],[ILOŚC W OP.]] -> 0 | L3: LEDOWE | M3: 0 | N3: 0 | O3: 0 | P3: 0 | Q3: Znicze_led
A4: =Wsad_Ofertowy[[#This Row],[Kod]] -> ASSA0033 | B4: =IFERROR( INDEX(INDIRECT("'"&Generowanie_Zamówienia[[#This Row],[Nazwa arkusza]]&"'!A1:S1500",TRUE), MATCH(Generowanie_Zamówienia[[#This Row],[KOD_XL]],INDIRECT("'"&Generowanie_Zamówienia[[#This Row],[Nazwa arkusza]]&"'!S1:S1500",TRUE),0), 15),0) -> 0 | C4: =INDEX(Wsad_Ofertowy[],MATCH(Generowanie_Zamówienia[[#This Row],[KOD_XL]],Wsad_Ofertowy[Kod],0),21) -> 12 | D4: {=INDEX(Wsad_Ofertowy[],MATCH(Generowanie_Zamówienia[[#This Row],[KOD_XL]],Wsad_Ofertowy[Kod],0),$U$1)} -> 3.35 | E4: =IFERROR(Generowanie_Zamówienia[[#This Row],[ILOŚĆ OP. ZAMAWIANA]]*Generowanie_Zamówienia[[#This Row],[ILOŚC W OP.]]*Generowanie_Zamówienia[[#This Row],[CENA]],"") -> 0 | F4: =INDEX(Wsad_Ofertowy[],MATCH(Generowanie_Zamówienia[[#This Row],[KOD_XL]],Wsad_Ofertowy[Kod],0),MATCH("Nazwa Pakietu",Wsad_Ofertowy[#Headers],0)) -> LED_WKŁADY | G4: =IF(MID(Generowanie_Zamówienia[[#This Row],[KOD_XL]],1,3)="PAK", INDEX(Cennik_pakietów[],MATCH(Generowanie_Zamówienia[[#This Row],[KOD_XL]],Cennik_pakietów[KOD COMARCH],0),MATCH("Nazwa arkusza",Cennik_pakietów[#Headers],0)), INDEX(Cennik_pakietów[],MATCH(Generowanie_Zamówienia[[#This Row],[Pakiet]],Cennik_pakietów[NAZWA PAKIETU],0),MATCH("Nazwa arkusza",Cennik_pakietów[#Headers],0))) -> wkłady_led | H4: =IF(Generowanie_Zamówienia[[#This Row],[ILOŚĆ OP. ZAMAWIANA]]>0,COUNTIFS($B$1:B4,">0"),"") | I4: =INDEX(Wsad_Ofertowy[],MATCH(Generowanie_Zamówienia[[#This Row],[KOD_XL]],Wsad_Ofertowy[Kod],0),MATCH("Nazwa",Wsad_Ofertowy[#Headers],0)) -> Ass Świetlik S1 - fioletowy | J4: =Generowanie_Zamówienia[[#This Row],[ILOŚĆ OP. ZAMAWIANA]]*Generowanie_Zamówienia[[#This Row],[ILOŚC W OP.]] -> 0 | L4: ŚREDNIE | M4: 0 | N4: 0 | O4: 0 | P4: 0 | Q4: średnie
A5: =Wsad_Ofertowy[[#This Row],[Kod]] -> ASSA0034 | B5: =IFERROR( INDEX(INDIRECT("'"&Generowanie_Zamówienia[[#This Row],[Nazwa arkusza]]&"'!A1:S1500",TRUE), MATCH(Generowanie_Zamówienia[[#This Row],[KOD_XL]],INDIRECT("'"&Generowanie_Zamówienia[[#This Row],[Nazwa arkusza]]&"'!S1:S1500",TRUE),0), 15),0) -> 0 | C5: =INDEX(Wsad_Ofertowy[],MATCH(Generowanie_Zamówienia[[#This Row],[KOD_XL]],Wsad_Ofertowy[Kod],0),21) -> 24 | D5: {=INDEX(Wsad_Ofertowy[],MATCH(Generowanie_Zamówienia[[#This Row],[KOD_XL]],Wsad_Ofertowy[Kod],0),$U$1)} -> 3.35 | E5: =IFERROR(Generowanie_Zamówienia[[#This Row],[ILOŚĆ OP. ZAMAWIANA]]*Generowanie_Zamówienia[[#This Row],[ILOŚC W OP.]]*Generowanie_Zamówienia[[#This Row],[CENA]],"") -> 0 | F5: =INDEX(Wsad_Ofertowy[],MATCH(Generowanie_Zamówienia[[#This Row],[KOD_XL]],Wsad_Ofertowy[Kod],0),MATCH("nazwa pakietu",Wsad_Ofertowy[#Headers],0)) -> LED_WKŁADY | G5: =IF(MID(Generowanie_Zamówienia[[#This Row],[KOD_XL]],1,3)="PAK", INDEX(Cennik_pakietów[],MATCH(Generowanie_Zamówienia[[#This Row],[KOD_XL]],Cennik_pakietów[KOD COMARCH],0),MATCH("Nazwa arkusza",Cennik_pakietów[#Headers],0)), INDEX(Cennik_pakietów[],MATCH(Generowanie_Zamówienia[[#This Row],[Pakiet]],Cennik_pakietów[NAZWA PAKIETU],0),MATCH("Nazwa arkusza",Cennik_pakietów[#Headers],0))) -> wkłady_led | H5: =IF(Generowanie_Zamówienia[[#This Row],[ILOŚĆ OP. ZAMAWIANA]]>0,COUNTIFS($B$1:B5,">0"),"") | I5: =INDEX(Wsad_Ofertowy[],MATCH(Generowanie_Zamówienia[[#This Row],[KOD_XL]],Wsad_Ofertowy[Kod],0),MATCH("Nazwa",Wsad_Ofertowy[#Headers],0)) -> Ass Świetlik S1 - mix | J5: =Generowanie_Zamówienia[[#This Row],[ILOŚĆ OP. ZAMAWIANA]]*Generowanie_Zamówienia[[#This Row],[ILOŚC W OP.]] -> 0 | L5: KONIEC_SERII | M5: 0 | N5: 0 | O5: 0 | P5: 0 | Q5: koniec serii
A6: =Wsad_Ofertowy[[#This Row],[Kod]] -> ASSA0035 | B6: =IFERROR( INDEX(INDIRECT("'"&Generowanie_Zamówienia[[#This Row],[Nazwa arkusza]]&"'!A1:S1500",TRUE), MATCH(Generowanie_Zamówienia[[#This Row],[KOD_XL]],INDIRECT("'"&Generowanie_Zamówienia[[#This Row],[Nazwa arkusza]]&"'!S1:S1500",TRUE),0), 15),0) -> 0 | C6: =INDEX(Wsad_Ofertowy[],MATCH(Generowanie_Zamówienia[[#This Row],[KOD_XL]],Wsad_Ofertowy[Kod],0),21) -> 12 | D6: {=INDEX(Wsad_Ofertowy[],MATCH(Generowanie_Zamówienia[[#This Row],[KOD_XL]],Wsad_Ofertowy[Kod],0),$U$1)} -> 3.35 | E6: =IFERROR(Generowanie_Zamówienia[[#This Row],[ILOŚĆ OP. ZAMAWIANA]]*Generowanie_Zamówienia[[#This Row],[ILOŚC W OP.]]*Generowanie_Zamówienia[[#This Row],[CENA]],"") -> 0 | F6: =INDEX(Wsad_Ofertowy[],MATCH(Generowanie_Zamówienia[[#This Row],[KOD_XL]],Wsad_Ofertowy[Kod],0),MATCH("nazwa pakietu",Wsad_Ofertowy[#Headers],0)) -> LED_WKŁADY | G6: =IF(MID(Generowanie_Zamówienia[[#This Row],[KOD_XL]],1,3)="PAK", INDEX(Cennik_pakietów[],MATCH(Generowanie_Zamówienia[[#This Row],[KOD_XL]],Cennik_pakietów[KOD COMARCH],0),MATCH("Nazwa arkusza",Cennik_pakietów[#Headers],0)), INDEX(Cennik_pakietów[],MATCH(Generowanie_Zamówienia[[#This Row],[Pakiet]],Cennik_pakietów[NAZWA PAKIETU],0),MATCH("Nazwa arkusza",Cennik_pakietów[#Headers],0))) -> wkłady_led | H6: =IF(Generowanie_Zamówienia[[#This Row],[ILOŚĆ OP. ZAMAWIANA]]>0,COUNTIFS($B$1:B6,">0"),"") | I6: =INDEX(Wsad_Ofertowy[],MATCH(Generowanie_Zamówienia[[#This Row],[KOD_XL]],Wsad_Ofertowy[Kod],0),MATCH("Nazwa",Wsad_Ofertowy[#Headers],0)) -> Ass Świetlik S1 - niebieski | J6: =Generowanie_Zamówienia[[#This Row],[ILOŚĆ OP. ZAMAWIANA]]*Generowanie_Zamówienia[[#This Row],[ILOŚC W OP.]] -> 0 | L6: LED_WKŁADY | M6: 0 | N6: 0 | O6: 0 | P6: 0 | Q6: wkłady_led
A7: =Wsad_Ofertowy[[#This Row],[Kod]] -> ASSA0036 | B7: =IFERROR( INDEX(INDIRECT("'"&Generowanie_Zamówienia[[#This Row],[Nazwa arkusza]]&"'!A1:S1500",TRUE), MATCH(Generowanie_Zamówienia[[#This Row],[KOD_XL]],INDIRECT("'"&Generowanie_Zamówienia[[#This Row],[Nazwa arkusza]]&"'!S1:S1500",TRUE),0), 15),0) -> 0 | C7: =INDEX(Wsad_Ofertowy[],MATCH(Generowanie_Zamówienia[[#This Row],[KOD_XL]],Wsad_Ofertowy[Kod],0),21) -> 12 | D7: {=INDEX(Wsad_Ofertowy[],MATCH(Generowanie_Zamówienia[[#This Row],[KOD_XL]],Wsad_Ofertowy[Kod],0),$U$1)} -> 3.35 | E7: =IFERROR(Generowanie_Zamówienia[[#This Row],[ILOŚĆ OP. ZAMAWIANA]]*Generowanie_Zamówienia[[#This Row],[ILOŚC W OP.]]*Generowanie_Zamówienia[[#This Row],[CENA]],"") -> 0 | F7: =INDEX(Wsad_Ofertowy[],MATCH(Generowanie_Zamówienia[[#This Row],[KOD_XL]],Wsad_Ofertowy[Kod],0),MATCH("nazwa pakietu",Wsad_Ofertowy[#Headers],0)) -> LED_WKŁADY | G7: =IF(MID(Generowanie_Zamówienia[[#This Row],[KOD_XL]],1,3)="PAK", INDEX(Cennik_pakietów[],MATCH(Generowanie_Zamówienia[[#This Row],[KOD_XL]],Cennik_pakietów[KOD COMARCH],0),MATCH("Nazwa arkusza",Cennik_pakietów[#Headers],0)), INDEX(Cennik_pakietów[],MATCH(Generowanie_Zamówienia[[#This Row],[Pakiet]],Cennik_pakietów[NAZWA PAKIETU],0),MATCH("Nazwa arkusza",Cennik_pakietów[#Headers],0))) -> wkłady_led | H7: =IF(Generowanie_Zamówienia[[#This Row],[ILOŚĆ OP. ZAMAWIANA]]>0,COUNTIFS($B$1:B7,">0"),"") | I7: =INDEX(Wsad_Ofertowy[],MATCH(Generowanie_Zamówienia[[#This Row],[KOD_XL]],Wsad_Ofertowy[Kod],0),MATCH("Nazwa",Wsad_Ofertowy[#Headers],0)) -> Ass Świetlik S1 - pomarańcz | J7: =Generowanie_Zamówienia[[#This Row],[ILOŚĆ OP. ZAMAWIANA]]*Generowanie_Zamówienia[[#This Row],[ILOŚC W OP.]] -> 0 | L7: ZALEWANE | M7: 0 | N7: 0 | O7: 0 | P7: 0 | Q7: zalewane
A8: =Wsad_Ofertowy[[#This Row],[Kod]] -> ASSA0037 | B8: =IFERROR( INDEX(INDIRECT("'"&Generowanie_Zamówienia[[#This Row],[Nazwa arkusza]]&"'!A1:S1500",TRUE), MATCH(Generowanie_Zamówienia[[#This Row],[KOD_XL]],INDIRECT("'"&Generowanie_Zamówienia[[#This Row],[Nazwa arkusza]]&"'!S1:S1500",TRUE),0), 15),0) -> 0 | C8: =INDEX(Wsad_Ofertowy[],MATCH(Generowanie_Zamówienia[[#This Row],[KOD_XL]],Wsad_Ofertowy[Kod],0),21) -> 12 | D8: {=INDEX(Wsad_Ofertowy[],MATCH(Generowanie_Zamówienia[[#This Row],[KOD_XL]],Wsad_Ofertowy[Kod],0),$U$1)} -> 3.35 | E8: =IFERROR(Generowanie_Zamówienia[[#This Row],[ILOŚĆ OP. ZAMAWIANA]]*Generowanie_Zamówienia[[#This Row],[ILOŚC W OP.]]*Generowanie_Zamówienia[[#This Row],[CENA]],"") -> 0 | F8: =INDEX(Wsad_Ofertowy[],MATCH(Generowanie_Zamówienia[[#This Row],[KOD_XL]],Wsad_Ofertowy[Kod],0),MATCH("nazwa pakietu",Wsad_Ofertowy[#Headers],0)) -> LED_WKŁADY | G8: =IF(MID(Generowanie_Zamówienia[[#This Row],[KOD_XL]],1,3)="PAK", INDEX(Cennik_pakietów[],MATCH(Generowanie_Zamówienia[[#This Row],[KOD_XL]],Cennik_pakietów[KOD COMARCH],0),MATCH("Nazwa arkusza",Cennik_pakietów[#Headers],0)), INDEX(Cennik_pakietów[],MATCH(Generowanie_Zamówienia[[#This Row],[Pakiet]],Cennik_pakietów[NAZWA PAKIETU],0),MATCH("Nazwa arkusza",Cennik_pakietów[#Headers],0))) -> wkłady_led | H8: =IF(Generowanie_Zamówienia[[#This Row],[ILOŚĆ OP. ZAMAWIANA]]>0,COUNTIFS($B$1:B8,">0"),"") | I8: =INDEX(Wsad_Ofertowy[],MATCH(Generowanie_Zamówienia[[#This Row],[KOD_XL]],Wsad_Ofertowy[Kod],0),MATCH("Nazwa",Wsad_Ofertowy[#Headers],0)) -> Ass Świetlik S1 - zielony | J8: =Generowanie_Zamówienia[[#This Row],[ILOŚĆ OP. ZAMAWIANA]]*Generowanie_Zamówienia[[#This Row],[ILOŚC W OP.]] -> 0 | L8: LAMPIONY | M8: 0 | N8: 0 | O8: 0 | P8: 0 | Q8: lampiony
A9: =Wsad_Ofertowy[[#This Row],[Kod]] -> ASSA0038 | B9: =IFERROR( INDEX(INDIRECT("'"&Generowanie_Zamówienia[[#This Row],[Nazwa arkusza]]&"'!A1:S1500",TRUE), MATCH(Generowanie_Zamówienia[[#This Row],[KOD_XL]],INDIRECT("'"&Generowanie_Zamówienia[[#This Row],[Nazwa arkusza]]&"'!S1:S1500",TRUE),0), 15),0) -> 0 | C9: =INDEX(Wsad_Ofertowy[],MATCH(Generowanie_Zamówienia[[#This Row],[KOD_XL]],Wsad_Ofertowy[Kod],0),21) -> 12 | D9: {=INDEX(Wsad_Ofertowy[],MATCH(Generowanie_Zamówienia[[#This Row],[KOD_XL]],Wsad_Ofertowy[Kod],0),$U$1)} -> 3.35 | E9: =IFERROR(Generowanie_Zamówienia[[#This Row],[ILOŚĆ OP. ZAMAWIANA]]*Generowanie_Zamówienia[[#This Row],[ILOŚC W OP.]]*Generowanie_Zamówienia[[#This Row],[CENA]],"") -> 0 | F9: =INDEX(Wsad_Ofertowy[],MATCH(Generowanie_Zamówienia[[#This Row],[KOD_XL]],Wsad_Ofertowy[Kod],0),MATCH("nazwa pakietu",Wsad_Ofertowy[#Headers],0)) -> LED_WKŁADY | G9: =IF(MID(Generowanie_Zamówienia[[#This Row],[KOD_XL]],1,3)="PAK", INDEX(Cennik_pakietów[],MATCH(Generowanie_Zamówienia[[#This Row],[KOD_XL]],Cennik_pakietów[KOD COMARCH],0),MATCH("Nazwa arkusza",Cennik_pakietów[#Headers],0)), INDEX(Cennik_pakietów[],MATCH(Generowanie_Zamówienia[[#This Row],[Pakiet]],Cennik_pakietów[NAZWA PAKIETU],0),MATCH("Nazwa arkusza",Cennik_pakietów[#Headers],0))) -> wkłady_led | H9: =IF(Generowanie_Zamówienia[[#This Row],[ILOŚĆ OP. ZAMAWIANA]]>0,COUNTIFS($B$1:B9,">0"),"") | I9: =INDEX(Wsad_Ofertowy[],MATCH(Generowanie_Zamówienia[[#This Row],[KOD_XL]],Wsad_Ofertowy[Kod],0),MATCH("Nazwa",Wsad_Ofertowy[#Headers],0)) -> Ass Świetlik S1 - zmieniający | J9: =Generowanie_Zamówienia[[#This Row],[ILOŚĆ OP. ZAMAWIANA]]*Generowanie_Zamówienia[[#This Row],[ILOŚC W OP.]] -> 0 | L9: ZAPALARKI | M9: 0 | N9: 0 | O9: 0 | P9: 0 | Q9: Zapalarki
A10: =Wsad_Ofertowy[[#This Row],[Kod]] -> ASSA0039 | B10: =IFERROR( INDEX(INDIRECT("'"&Generowanie_Zamówienia[[#This Row],[Nazwa arkusza]]&"'!A1:S1500",TRUE), MATCH(Generowanie_Zamówienia[[#This Row],[KOD_XL]],INDIRECT("'"&Generowanie_Zamówienia[[#This Row],[Nazwa arkusza]]&"'!S1:S1500",TRUE),0), 15),0) -> 0 | C10: =INDEX(Wsad_Ofertowy[],MATCH(Generowanie_Zamówienia[[#This Row],[KOD_XL]],Wsad_Ofertowy[Kod],0),21) -> 12 | D10: {=INDEX(Wsad_Ofertowy[],MATCH(Generowanie_Zamówienia[[#This Row],[KOD_XL]],Wsad_Ofertowy[Kod],0),$U$1)} -> 3.35 | E10: =IFERROR(Generowanie_Zamówienia[[#This Row],[ILOŚĆ OP. ZAMAWIANA]]*Generowanie_Zamówienia[[#This Row],[ILOŚC W OP.]]*Generowanie_Zamówienia[[#This Row],[CENA]],"") -> 0 | F10: =INDEX(Wsad_Ofertowy[],MATCH(Generowanie_Zamówienia[[#This Row],[KOD_XL]],Wsad_Ofertowy[Kod],0),MATCH("nazwa pakietu",Wsad_Ofertowy[#Headers],0)) -> LED_WKŁADY | G10: =IF(MID(Generowanie_Zamówienia[[#This Row],[KOD_XL]],1,3)="PAK", INDEX(Cennik_pakietów[],MATCH(Generowanie_Zamówienia[[#This Row],[KOD_XL]],Cennik_pakietów[KOD COMARCH],0),MATCH("Nazwa arkusza",Cennik_pakietów[#Headers],0)), INDEX(Cennik_pakietów[],MATCH(Generowanie_Zamówienia[[#This Row],[Pakiet]],Cennik_pakietów[NAZWA PAKIETU],0),MATCH("Nazwa arkusza",Cennik_pakietów[#Headers],0))) -> wkłady_led | H10: =IF(Generowanie_Zamówienia[[#This Row],[ILOŚĆ OP. ZAMAWIANA]]>0,COUNTIFS($B$1:B10,">0"),"") | I10: =INDEX(Wsad_Ofertowy[],MATCH(Generowanie_Zamówienia[[#This Row],[KOD_XL]],Wsad_Ofertowy[Kod],0),MATCH("Nazwa",Wsad_Ofertowy[#Headers],0)) -> Ass Świetlik S1 - żółty | J10: =Generowanie_Zamówienia[[#This Row],[ILOŚĆ OP. ZAMAWIANA]]*Generowanie_Zamówienia[[#This Row],[ILOŚC W OP.]] -> 0 | L10: MAŁE | M10: 0 | N10: 0 | O10: 0 | P10: 0 | Q10: małe
A11: =Wsad_Ofertowy[[#This Row],[Kod]] -> ASSA0040 | B11: =IFERROR( INDEX(INDIRECT("'"&Generowanie_Zamówienia[[#This Row],[Nazwa arkusza]]&"'!A1:S1500",TRUE), MATCH(Generowanie_Zamówienia[[#This Row],[KOD_XL]],INDIRECT("'"&Generowanie_Zamówienia[[#This Row],[Nazwa arkusza]]&"'!S1:S1500",TRUE),0), 15),0) -> 0 | C11: =INDEX(Wsad_Ofertowy[],MATCH(Generowanie_Zamówienia[[#This Row],[KOD_XL]],Wsad_Ofertowy[Kod],0),21) -> 12 | D11: {=INDEX(Wsad_Ofertowy[],MATCH(Generowanie_Zamówienia[[#This Row],[KOD_XL]],Wsad_Ofertowy[Kod],0),$U$1)} -> 3.14 | E11: =IFERROR(Generowanie_Zamówienia[[#This Row],[ILOŚĆ OP. ZAMAWIANA]]*Generowanie_Zamówienia[[#This Row],[ILOŚC W OP.]]*Generowanie_Zamówienia[[#This Row],[CENA]],"") -> 0 | F11: =INDEX(Wsad_Ofertowy[],MATCH(Generowanie_Zamówienia[[#This Row],[KOD_XL]],Wsad_Ofertowy[Kod],0),MATCH("nazwa pakietu",Wsad_Ofertowy[#Headers],0)) -> LED_WKŁADY | G11: =IF(MID(Generowanie_Zamówienia[[#This Row],[KOD_XL]],1,3)="PAK", INDEX(Cennik_pakietów[],MATCH(Generowanie_Zamówienia[[#This Row],[KOD_XL]],Cennik_pakietów[KOD COMARCH],0),MATCH("Nazwa arkusza",Cennik_pakietów[#Headers],0)), INDEX(Cennik_pakietów[],MATCH(Generowanie_Zamówienia[[#This Row],[Pakiet]],Cennik_pakietów[NAZWA PAKIETU],0),MATCH("Nazwa arkusza",Cennik_pakietów[#Headers],0))) -> wkłady_led | H11: =IF(Generowanie_Zamówienia[[#This Row],[ILOŚĆ OP. ZAMAWIANA]]>0,COUNTIFS($B$1:B11,">0"),"") | I11: =INDEX(Wsad_Ofertowy[],MATCH(Generowanie_Zamówienia[[#This Row],[KOD_XL]],Wsad_Ofertowy[Kod],0),MATCH("Nazwa",Wsad_Ofertowy[#Headers],0)) -> Ass Świetlik S5 - biały | J11: =Generowanie_Zamówienia[[#This Row],[ILOŚĆ OP. ZAMAWIANA]]*Generowanie_Zamówienia[[#This Row],[ILOŚC W OP.]] -> 0 | L11: WKŁADY | M11: 0 | N11: 0 | O11: 0 | P11: 0 | Q11: wkłady
A12: =Wsad_Ofertowy[[#This Row],[Kod]] -> ASSA0041 | B12: =IFERROR( INDEX(INDIRECT("'"&Generowanie_Zamówienia[[#This Row],[Nazwa arkusza]]&"'!A1:S1500",TRUE), MATCH(Generowanie_Zamówienia[[#This Row],[KOD_XL]],INDIRECT("'"&Generowanie_Zamówienia[[#This Row],[Nazwa arkusza]]&"'!S1:S1500",TRUE),0), 15),0) -> 0 | C12: =INDEX(Wsad_Ofertowy[],MATCH(Generowanie_Zamówienia[[#This Row],[KOD_XL]],Wsad_Ofertowy[Kod],0),21) -> 12 | D12: {=INDEX(Wsad_Ofertowy[],MATCH(Generowanie_Zamówienia[[#This Row],[KOD_XL]],Wsad_Ofertowy[Kod],0),$U$1)} -> 3.14 | E12: =IFERROR(Generowanie_Zamówienia[[#This Row],[ILOŚĆ OP. ZAMAWIANA]]*Generowanie_Zamówienia[[#This Row],[ILOŚC W OP.]]*Generowanie_Zamówienia[[#This Row],[CENA]],"") -> 0 | F12: =INDEX(Wsad_Ofertowy[],MATCH(Generowanie_Zamówienia[[#This Row],[KOD_XL]],Wsad_Ofertowy[Kod],0),MATCH("nazwa pakietu",Wsad_Ofertowy[#Headers],0)) -> LED_WKŁADY | G12: =IF(MID(Generowanie_Zamówienia[[#This Row],[KOD_XL]],1,3)="PAK", INDEX(Cennik_pakietów[],MATCH(Generowanie_Zamówienia[[#This Row],[KOD_XL]],Cennik_pakietów[KOD COMARCH],0),MATCH("Nazwa arkusza",Cennik_pakietów[#Headers],0)), INDEX(Cennik_pakietów[],MATCH(Generowanie_Zamówienia[[#This Row],[Pakiet]],Cennik_pakietów[NAZWA PAKIETU],0),MATCH("Nazwa arkusza",Cennik_pakietów[#Headers],0))) -> wkłady_led | H12: =IF(Generowanie_Zamówienia[[#This Row],[ILOŚĆ OP. ZAMAWIANA]]>0,COUNTIFS($B$1:B12,">0"),"") | I12: =INDEX(Wsad_Ofertowy[],MATCH(Generowanie_Zamówienia[[#This Row],[KOD_XL]],Wsad_Ofertowy[Kod],0),MATCH("Nazwa",Wsad_Ofertowy[#Headers],0)) -> Ass Świetlik S5 - czerwony | J12: =Generowanie_Zamówienia[[#This Row],[ILOŚĆ OP. ZAMAWIANA]]*Generowanie_Zamówienia[[#This Row],[ILOŚC W OP.]] -> 0 | L12: SOLARNE | M12: 0 | N12: 0 | O12: 0 | P12: 0 | Q12: Znicze_led
A13: =Wsad_Ofertowy[[#This Row],[Kod]] -> ASSA0042 | B13: =IFERROR( INDEX(INDIRECT("'"&Generowanie_Zamówienia[[#This Row],[Nazwa arkusza]]&"'!A1:S1500",TRUE), MATCH(Generowanie_Zamówienia[[#This Row],[KOD_XL]],INDIRECT("'"&Generowanie_Zamówienia[[#This Row],[Nazwa arkusza]]&"'!S1:S1500",TRUE),0), 15),0) -> 0 | C13: =INDEX(Wsad_Ofertowy[],MATCH(Generowanie_Zamówienia[[#This Row],[KOD_XL]],Wsad_Ofertowy[Kod],0),21) -> 12 | D13: {=INDEX(Wsad_Ofertowy[],MATCH(Generowanie_Zamówienia[[#This Row],[KOD_XL]],Wsad_Ofertowy[Kod],0),$U$1)} -> 3.14 | E13: =IFERROR(Generowanie_Zamówienia[[#This Row],[ILOŚĆ OP. ZAMAWIANA]]*Generowanie_Zamówienia[[#This Row],[ILOŚC W OP.]]*Generowanie_Zamówienia[[#This Row],[CENA]],"") -> 0 | F13: =INDEX(Wsad_Ofertowy[],MATCH(Generowanie_Zamówienia[[#This Row],[KOD_XL]],Wsad_Ofertowy[Kod],0),MATCH("nazwa pakietu",Wsad_Ofertowy[#Headers],0)) -> LED_WKŁADY | G13: =IF(MID(Generowanie_Zamówienia[[#This Row],[KOD_XL]],1,3)="PAK", INDEX(Cennik_pakietów[],MATCH(Generowanie_Zamówienia[[#This Row],[KOD_XL]],Cennik_pakietów[KOD COMARCH],0),MATCH("Nazwa arkusza",Cennik_pakietów[#Headers],0)), INDEX(Cennik_pakietów[],MATCH(Generowanie_Zamówienia[[#This Row],[Pakiet]],Cennik_pakietów[NAZWA PAKIETU],0),MATCH("Nazwa arkusza",Cennik_pakietów[#Headers],0))) -> wkłady_led | H13: =IF(Generowanie_Zamówienia[[#This Row],[ILOŚĆ OP. ZAMAWIANA]]>0,COUNTIFS($B$1:B13,">0"),"") | I13: =INDEX(Wsad_Ofertowy[],MATCH(Generowanie_Zamówienia[[#This Row],[KOD_XL]],Wsad_Ofertowy[Kod],0),MATCH("Nazwa",Wsad_Ofertowy[#Headers],0)) -> Ass Świetlik S5 - fioletowy | J13: =Generowanie_Zamówienia[[#This Row],[ILOŚĆ OP. ZAMAWIANA]]*Generowanie_Zamówienia[[#This Row],[ILOŚC W OP.]] -> 0 | L13: OTWARTE | M13: 0 | N13: 0 | O13: 0 | P13: 0 | Q13: zalewane
A14: =Wsad_Ofertowy[[#This Row],[Kod]] -> ASSA0043 | B14: =IFERROR( INDEX(INDIRECT("'"&Generowanie_Zamówienia[[#This Row],[Nazwa arkusza]]&"'!A1:S1500",TRUE), MATCH(Generowanie_Zamówienia[[#This Row],[KOD_XL]],INDIRECT("'"&Generowanie_Zamówienia[[#This Row],[Nazwa arkusza]]&"'!S1:S1500",TRUE),0), 15),0) -> 0 | C14: =INDEX(Wsad_Ofertowy[],MATCH(Generowanie_Zamówienia[[#This Row],[KOD_XL]],Wsad_Ofertowy[Kod],0),21) -> 12 | D14: {=INDEX(Wsad_Ofertowy[],MATCH(Generowanie_Zamówienia[[#This Row],[KOD_XL]],Wsad_Ofertowy[Kod],0),$U$1)} -> 3.14 | E14: =IFERROR(Generowanie_Zamówienia[[#This Row],[ILOŚĆ OP. ZAMAWIANA]]*Generowanie_Zamówienia[[#This Row],[ILOŚC W OP.]]*Generowanie_Zamówienia[[#This Row],[CENA]],"") -> 0 | F14: =INDEX(Wsad_Ofertowy[],MATCH(Generowanie_Zamówienia[[#This Row],[KOD_XL]],Wsad_Ofertowy[Kod],0),MATCH("nazwa pakietu",Wsad_Ofertowy[#Headers],0)) -> LED_WKŁADY | G14: =IF(MID(Generowanie_Zamówienia[[#This Row],[KOD_XL]],1,3)="PAK", INDEX(Cennik_pakietów[],MATCH(Generowanie_Zamówienia[[#This Row],[KOD_XL]],Cennik_pakietów[KOD COMARCH],0),MATCH("Nazwa arkusza",Cennik_pakietów[#Headers],0)), INDEX(Cennik_pakietów[],MATCH(Generowanie_Zamówienia[[#This Row],[Pakiet]],Cennik_pakietów[NAZWA PAKIETU],0),MATCH("Nazwa arkusza",Cennik_pakietów[#Headers],0))) -> wkłady_led | H14: =IF(Generowanie_Zamówienia[[#This Row],[ILOŚĆ OP. ZAMAWIANA]]>0,COUNTIFS($B$1:B14,">0"),"") | I14: =INDEX(Wsad_Ofertowy[],MATCH(Generowanie_Zamówienia[[#This Row],[KOD_XL]],Wsad_Ofertowy[Kod],0),MATCH("Nazwa",Wsad_Ofertowy[#Headers],0)) -> Ass Świetlik S5 - mix | J14: =Generowanie_Zamówienia[[#This Row],[ILOŚĆ OP. ZAMAWIANA]]*Generowanie_Zamówienia[[#This Row],[ILOŚC W OP.]] -> 0 | L14: MINI | M14: 0 | N14: 0 | O14: 0 | P14: 0 | Q14: małe
A15: =Wsad_Ofertowy[[#This Row],[Kod]] -> ASSA0044 | B15: =IFERROR( INDEX(INDIRECT("'"&Generowanie_Zamówienia[[#This Row],[Nazwa arkusza]]&"'!A1:S1500",TRUE), MATCH(Generowanie_Zamówienia[[#This Row],[KOD_XL]],INDIRECT("'"&Generowanie_Zamówienia[[#This Row],[Nazwa arkusza]]&"'!S1:S1500",TRUE),0), 15),0) -> 0 | C15: =INDEX(Wsad_Ofertowy[],MATCH(Generowanie_Zamówienia[[#This Row],[KOD_XL]],Wsad_Ofertowy[Kod],0),21) -> 12 | D15: {=INDEX(Wsad_Ofertowy[],MATCH(Generowanie_Zamówienia[[#This Row],[KOD_XL]],Wsad_Ofertowy[Kod],0),$U$1)} -> 3.14 | E15: =IFERROR(Generowanie_Zamówienia[[#This Row],[ILOŚĆ OP. ZAMAWIANA]]*Generowanie_Zamówienia[[#This Row],[ILOŚC W OP.]]*Generowanie_Zamówienia[[#This Row],[CENA]],"") -> 0 | F15: =INDEX(Wsad_Ofertowy[],MATCH(Generowanie_Zamówienia[[#This Row],[KOD_XL]],Wsad_Ofertowy[Kod],0),MATCH("nazwa pakietu",Wsad_Ofertowy[#Headers],0)) -> LED_WKŁADY | G15: =IF(MID(Generowanie_Zamówienia[[#This Row],[KOD_XL]],1,3)="PAK", INDEX(Cennik_pakietów[],MATCH(Generowanie_Zamówienia[[#This Row],[KOD_XL]],Cennik_pakietów[KOD COMARCH],0),MATCH("Nazwa arkusza",Cennik_pakietów[#Headers],0)), INDEX(Cennik_pakietów[],MATCH(Generowanie_Zamówienia[[#This Row],[Pakiet]],Cennik_pakietów[NAZWA PAKIETU],0),MATCH("Nazwa arkusza",Cennik_pakietów[#Headers],0))) -> wkłady_led | H15: =IF(Generowanie_Zamówienia[[#This Row],[ILOŚĆ OP. ZAMAWIANA]]>0,COUNTIFS($B$1:B15,">0"),"") | I15: =INDEX(Wsad_Ofertowy[],MATCH(Generowanie_Zamówienia[[#This Row],[KOD_XL]],Wsad_Ofertowy[Kod],0),MATCH("Nazwa",Wsad_Ofertowy[#Headers],0)) -> Ass Świetlik S5 - niebieski | J15: =Generowanie_Zamówienia[[#This Row],[ILOŚĆ OP. ZAMAWIANA]]*Generowanie_Zamówienia[[#This Row],[ILOŚC W OP.]] -> 0 | L15: BABCIA DZIADEK | M15: 0 | N15: 0 | O15: 0 | P15: 0 | Q15: okazjonalne
A16: =Wsad_Ofertowy[[#This Row],[Kod]] -> ASSA0045 | B16: =IFERROR( INDEX(INDIRECT("'"&Generowanie_Zamówienia[[#This Row],[Nazwa arkusza]]&"'!A1:S1500",TRUE), MATCH(Generowanie_Zamówienia[[#This Row],[KOD_XL]],INDIRECT("'"&Generowanie_Zamówienia[[#This Row],[Nazwa arkusza]]&"'!S1:S1500",TRUE),0), 15),0) -> 0 | C16: =INDEX(Wsad_Ofertowy[],MATCH(Generowanie_Zamówienia[[#This Row],[KOD_XL]],Wsad_Ofertowy[Kod],0),21) -> 12 | D16: {=INDEX(Wsad_Ofertowy[],MATCH(Generowanie_Zamówienia[[#This Row],[KOD_XL]],Wsad_Ofertowy[Kod],0),$U$1)} -> 3.14 | E16: =IFERROR(Generowanie_Zamówienia[[#This Row],[ILOŚĆ OP. ZAMAWIANA]]*Generowanie_Zamówienia[[#This Row],[ILOŚC W OP.]]*Generowanie_Zamówienia[[#This Row],[CENA]],"") -> 0 | F16: =INDEX(Wsad_Ofertowy[],MATCH(Generowanie_Zamówienia[[#This Row],[KOD_XL]],Wsad_Ofertowy[Kod],0),MATCH("nazwa pakietu",Wsad_Ofertowy[#Headers],0)) -> LED_WKŁADY | G16: =IF(MID(Generowanie_Zamówienia[[#This Row],[KOD_XL]],1,3)="PAK", INDEX(Cennik_pakietów[],MATCH(Generowanie_Zamówienia[[#This Row],[KOD_XL]],Cennik_pakietów[KOD COMARCH],0),MATCH("Nazwa arkusza",Cennik_pakietów[#Headers],0)), INDEX(Cennik_pakietów[],MATCH(Generowanie_Zamówienia[[#This Row],[Pakiet]],Cennik_pakietów[NAZWA PAKIETU],0),MATCH("Nazwa arkusza",Cennik_pakietów[#Headers],0))) -> wkłady_led | H16: =IF(Generowanie_Zamówienia[[#This Row],[ILOŚĆ OP. ZAMAWIANA]]>0,COUNTIFS($B$1:B16,">0"),"") | I16: =INDEX(Wsad_Ofertowy[],MATCH(Generowanie_Zamówienia[[#This Row],[KOD_XL]],Wsad_Ofertowy[Kod],0),MATCH("Nazwa",Wsad_Ofertowy[#Headers],0)) -> Ass Świetlik S5 - pomarańcz | J16: =Generowanie_Zamówienia[[#This Row],[ILOŚĆ OP. ZAMAWIANA]]*Generowanie_Zamówienia[[#This Row],[ILOŚC W OP.]] -> 0 | L16: OKAZJONALNE | M16: 0 | N16: 0 | O16: 0 | P16: 0 | Q16: okazjonalne
A17: =Wsad_Ofertowy[[#This Row],[Kod]] -> ASSA0046 | B17: =IFERROR( INDEX(INDIRECT("'"&Generowanie_Zamówienia[[#This Row],[Nazwa arkusza]]&"'!A1:S1500",TRUE), MATCH(Generowanie_Zamówienia[[#This Row],[KOD_XL]],INDIRECT("'"&Generowanie_Zamówienia[[#This Row],[Nazwa arkusza]]&"'!S1:S1500",TRUE),0), 15),0) -> 0 | C17: =INDEX(Wsad_Ofertowy[],MATCH(Generowanie_Zamówienia[[#This Row],[KOD_XL]],Wsad_Ofertowy[Kod],0),21) -> 12 | D17: {=INDEX(Wsad_Ofertowy[],MATCH(Generowanie_Zamówienia[[#This Row],[KOD_XL]],Wsad_Ofertowy[Kod],0),$U$1)} -> 3.14 | E17: =IFERROR(Generowanie_Zamówienia[[#This Row],[ILOŚĆ OP. ZAMAWIANA]]*Generowanie_Zamówienia[[#This Row],[ILOŚC W OP.]]*Generowanie_Zamówienia[[#This Row],[CENA]],"") -> 0 | F17: =INDEX(Wsad_Ofertowy[],MATCH(Generowanie_Zamówienia[[#This Row],[KOD_XL]],Wsad_Ofertowy[Kod],0),MATCH("nazwa pakietu",Wsad_Ofertowy[#Headers],0)) -> LED_WKŁADY | G17: =IF(MID(Generowanie_Zamówienia[[#This Row],[KOD_XL]],1,3)="PAK", INDEX(Cennik_pakietów[],MATCH(Generowanie_Zamówienia[[#This Row],[KOD_XL]],Cennik_pakietów[KOD COMARCH],0),MATCH("Nazwa arkusza",Cennik_pakietów[#Headers],0)), INDEX(Cennik_pakietów[],MATCH(Generowanie_Zamówienia[[#This Row],[Pakiet]],Cennik_pakietów[NAZWA PAKIETU],0),MATCH("Nazwa arkusza",Cennik_pakietów[#Headers],0))) -> wkłady_led | H17: =IF(Generowanie_Zamówienia[[#This Row],[ILOŚĆ OP. ZAMAWIANA]]>0,COUNTIFS($B$1:B17,">0"),"") | I17: =INDEX(Wsad_Ofertowy[],MATCH(Generowanie_Zamówienia[[#This Row],[KOD_XL]],Wsad_Ofertowy[Kod],0),MATCH("Nazwa",Wsad_Ofertowy[#Headers],0)) -> Ass Świetlik S5 - zielony | J17: =Generowanie_Zamówienia[[#This Row],[ILOŚĆ OP. ZAMAWIANA]]*Generowanie_Zamówienia[[#This Row],[ILOŚC W OP.]] -> 0 | L17: 0 | M17: 0 | N17: 0 | O17: 0 | P17: 0 | Q17: 0
A18: =Wsad_Ofertowy[[#This Row],[Kod]] -> ASSA0047 | B18: =IFERROR( INDEX(INDIRECT("'"&Generowanie_Zamówienia[[#This Row],[Nazwa arkusza]]&"'!A1:S1500",TRUE), MATCH(Generowanie_Zamówienia[[#This Row],[KOD_XL]],INDIRECT("'"&Generowanie_Zamówienia[[#This Row],[Nazwa arkusza]]&"'!S1:S1500",TRUE),0), 15),0) -> 0 | C18: =INDEX(Wsad_Ofertowy[],MATCH(Generowanie_Zamówienia[[#This Row],[KOD_XL]],Wsad_Ofertowy[Kod],0),21) -> 12 | D18: {=INDEX(Wsad_Ofertowy[],MATCH(Generowanie_Zamówienia[[#This Row],[KOD_XL]],Wsad_Ofertowy[Kod],0),$U$1)} -> 3.25 | E18: =IFERROR(Generowanie_Zamówienia[[#This Row],[ILOŚĆ OP. ZAMAWIANA]]*Generowanie_Zamówienia[[#This Row],[ILOŚC W OP.]]*Generowanie_Zamówienia[[#This Row],[CENA]],"") -> 0 | F18: =INDEX(Wsad_Ofertowy[],MATCH(Generowanie_Zamówienia[[#This Row],[KOD_XL]],Wsad_Ofertowy[Kod],0),MATCH("nazwa pakietu",Wsad_Ofertowy[#Headers],0)) -> LED_WKŁADY | G18: =IF(MID(Generowanie_Zamówienia[[#This Row],[KOD_XL]],1,3)="PAK", INDEX(Cennik_pakietów[],MATCH(Generowanie_Zamówienia[[#This Row],[KOD_XL]],Cennik_pakietów[KOD COMARCH],0),MATCH("Nazwa arkusza",Cennik_pakietów[#Headers],0)), INDEX(Cennik_pakietów[],MATCH(Generowanie_Zamówienia[[#This Row],[Pakiet]],Cennik_pakietów[NAZWA PAKIETU],0),MATCH("Nazwa arkusza",Cennik_pakietów[#Headers],0))) -> wkłady_led | H18: =IF(Generowanie_Zamówienia[[#This Row],[ILOŚĆ OP. ZAMAWIANA]]>0,COUNTIFS($B$1:B18,">0"),"") | I18: =INDEX(Wsad_Ofertowy[],MATCH(Generowanie_Zamówienia[[#This Row],[KOD_XL]],Wsad_Ofertowy[Kod],0),MATCH("Nazwa",Wsad_Ofertowy[#Headers],0)) -> Ass Świetlik S5 - zmieniający | J18: =Generowanie_Zamówienia[[#This Row],[ILOŚĆ OP. ZAMAWIANA]]*Generowanie_Zamówienia[[#This Row],[ILOŚC W OP.]] -> 0 | L18: DEKORACYJNE | M18: 0 | N18: 0 | O18: 0 | P18: 0 | Q18: 0
A19: =Wsad_Ofertowy[[#This Row],[Kod]] -> ASSA0048 | B19: =IFERROR( INDEX(INDIRECT("'"&Generowanie_Zamówienia[[#This Row],[Nazwa arkusza]]&"'!A1:S1500",TRUE), MATCH(Generowanie_Zamówienia[[#This Row],[KOD_XL]],INDIRECT("'"&Generowanie_Zamówienia[[#This Row],[Nazwa arkusza]]&"'!S1:S1500",TRUE),0), 15),0) -> 0 | C19: =INDEX(Wsad_Ofertowy[],MATCH(Generowanie_Zamówienia[[#This Row],[KOD_XL]],Wsad_Ofertowy[Kod],0),21) -> 12 | D19: {=INDEX(Wsad_Ofertowy[],MATCH(Generowanie_Zamówienia[[#This Row],[KOD_XL]],Wsad_Ofertowy[Kod],0),$U$1)} -> 3.25 | E19: =IFERROR(Generowanie_Zamówienia[[#This Row],[ILOŚĆ OP. ZAMAWIANA]]*Generowanie_Zamówienia[[#This Row],[ILOŚC W OP.]]*Generowanie_Zamówienia[[#This Row],[CENA]],"") -> 0 | F19: =INDEX(Wsad_Ofertowy[],MATCH(Generowanie_Zamówienia[[#This Row],[KOD_XL]],Wsad_Ofertowy[Kod],0),MATCH("nazwa pakietu",Wsad_Ofertowy[#Headers],0)) -> LED_WKŁADY | G19: =IF(MID(Generowanie_Zamówienia[[#This Row],[KOD_XL]],1,3)="PAK", INDEX(Cennik_pakietów[],MATCH(Generowanie_Zamówienia[[#This Row],[KOD_XL]],Cennik_pakietów[KOD COMARCH],0),MATCH("Nazwa arkusza",Cennik_pakietów[#Headers],0)), INDEX(Cennik_pakietów[],MATCH(Generowanie_Zamówienia[[#This Row],[Pakiet]],Cennik_pakietów[NAZWA PAKIETU],0),MATCH("Nazwa arkusza",Cennik_pakietów[#Headers],0))) -> wkłady_led | H19: =IF(Generowanie_Zamówienia[[#This Row],[ILOŚĆ OP. ZAMAWIANA]]>0,COUNTIFS($B$1:B19,">0"),"") | I19: =INDEX(Wsad_Ofertowy[],MATCH(Generowanie_Zamówienia[[#This Row],[KOD_XL]],Wsad_Ofertowy[Kod],0),MATCH("Nazwa",Wsad_Ofertowy[#Headers],0)) -> Ass Świetlik S5 - żółty | J19: =Generowanie_Zamówienia[[#This Row],[ILOŚĆ OP. ZAMAWIANA]]*Generowanie_Zamówienia[[#This Row],[ILOŚC W OP.]] -> 0 | L19: ZABAWKI | M19: 0 | N19: 0 | O19: 0 | P19: 0 | Q19: 0
A20: =Wsad_Ofertowy[[#This Row],[Kod]] -> ASSA0049 | B20: =IFERROR( INDEX(INDIRECT("'"&Generowanie_Zamówienia[[#This Row],[Nazwa arkusza]]&"'!A1:S1500",TRUE), MATCH(Generowanie_Zamówienia[[#This Row],[KOD_XL]],INDIRECT("'"&Generowanie_Zamówienia[[#This Row],[Nazwa arkusza]]&"'!S1:S1500",TRUE),0), 15),0) -> 0 | C20: =INDEX(Wsad_Ofertowy[],MATCH(Generowanie_Zamówienia[[#This Row],[KOD_XL]],Wsad_Ofertowy[Kod],0),21) -> 12 | D20: {=INDEX(Wsad_Ofertowy[],MATCH(Generowanie_Zamówienia[[#This Row],[KOD_XL]],Wsad_Ofertowy[Kod],0),$U$1)} -> 4.7 | E20: =IFERROR(Generowanie_Zamówienia[[#This Row],[ILOŚĆ OP. ZAMAWIANA]]*Generowanie_Zamówienia[[#This Row],[ILOŚC W OP.]]*Generowanie_Zamówienia[[#This Row],[CENA]],"") -> 0 | F20: =INDEX(Wsad_Ofertowy[],MATCH(Generowanie_Zamówienia[[#This Row],[KOD_XL]],Wsad_Ofertowy[Kod],0),MATCH("nazwa pakietu",Wsad_Ofertowy[#Headers],0)) -> LED_WKŁADY | G20: =IF(MID(Generowanie_Zamówienia[[#This Row],[KOD_XL]],1,3)="PAK", INDEX(Cennik_pakietów[],MATCH(Generowanie_Zamówienia[[#This Row],[KOD_XL]],Cennik_pakietów[KOD COMARCH],0),MATCH("Nazwa arkusza",Cennik_pakietów[#Headers],0)), INDEX(Cennik_pakietów[],MATCH(Generowanie_Zamówienia[[#This Row],[Pakiet]],Cennik_pakietów[NAZWA PAKIETU],0),MATCH("Nazwa arkusza",Cennik_pakietów[#Headers],0))) -> wkłady_led | H20: =IF(Generowanie_Zamówienia[[#This Row],[ILOŚĆ OP. ZAMAWIANA]]>0,COUNTIFS($B$1:B20,">0"),"") | I20: =INDEX(Wsad_Ofertowy[],MATCH(Generowanie_Zamówienia[[#This Row],[KOD_XL]],Wsad_Ofertowy[Kod],0),MATCH("Nazwa",Wsad_Ofertowy[#Headers],0)) -> Ass Świetlik S6 - biały | J20: =Generowanie_Zamówienia[[#This Row],[ILOŚĆ OP. ZAMAWIANA]]*Generowanie_Zamówienia[[#This Row],[ILOŚC W OP.]] -> 0 | L20: HAMAKI | M20: 0 | N20: 0 | O20: 0 | P20: 0 | Q20: 0
A21: =Wsad_Ofertowy[[#This Row],[Kod]] -> ASSA0050 | B21: =IFERROR( INDEX(INDIRECT("'"&Generowanie_Zamówienia[[#This Row],[Nazwa arkusza]]&"'!A1:S1500",TRUE), MATCH(Generowanie_Zamówienia[[#This Row],[KOD_XL]],INDIRECT("'"&Generowanie_Zamówienia[[#This Row],[Nazwa arkusza]]&"'!S1:S1500",TRUE),0), 15),0) -> 0 | C21: =INDEX(Wsad_Ofertowy[],MATCH(Generowanie_Zamówienia[[#This Row],[KOD_XL]],Wsad_Ofertowy[Kod],0),21) -> 12 | D21: {=INDEX(Wsad_Ofertowy[],MATCH(Generowanie_Zamówienia[[#This Row],[KOD_XL]],Wsad_Ofertowy[Kod],0),$U$1)} -> 4.7 | E21: =IFERROR(Generowanie_Zamówienia[[#This Row],[ILOŚĆ OP. ZAMAWIANA]]*Generowanie_Zamówienia[[#This Row],[ILOŚC W OP.]]*Generowanie_Zamówienia[[#This Row],[CENA]],"") -> 0 | F21: =INDEX(Wsad_Ofertowy[],MATCH(Generowanie_Zamówienia[[#This Row],[KOD_XL]],Wsad_Ofertowy[Kod],0),MATCH("nazwa pakietu",Wsad_Ofertowy[#Headers],0)) -> LED_WKŁADY | G21: =IF(MID(Generowanie_Zamówienia[[#This Row],[KOD_XL]],1,3)="PAK", INDEX(Cennik_pakietów[],MATCH(Generowanie_Zamówienia[[#This Row],[KOD_XL]],Cennik_pakietów[KOD COMARCH],0),MATCH("Nazwa arkusza",Cennik_pakietów[#Headers],0)), INDEX(Cennik_pakietów[],MATCH(Generowanie_Zamówienia[[#This Row],[Pakiet]],Cennik_pakietów[NAZWA PAKIETU],0),MATCH("Nazwa arkusza",Cennik_pakietów[#Headers],0))) -> wkłady_led | H21: =IF(Generowanie_Zamówienia[[#This Row],[ILOŚĆ OP. ZAMAWIANA]]>0,COUNTIFS($B$1:B21,">0"),"") | I21: =INDEX(Wsad_Ofertowy[],MATCH(Generowanie_Zamówienia[[#This Row],[KOD_XL]],Wsad_Ofertowy[Kod],0),MATCH("Nazwa",Wsad_Ofertowy[#Headers],0)) -> Ass Świetlik S6 - czerwony | J21: =Generowanie_Zamówienia[[#This Row],[ILOŚĆ OP. ZAMAWIANA]]*Generowanie_Zamówienia[[#This Row],[ILOŚC W OP.]] -> 0 | L21: LAMPKI | M21: 0 | N21: 0 | O21: 0 | P21: 0 | Q21: 0
A22: =Wsad_Ofertowy[[#This Row],[Kod]] -> ASSA0051 | B22: =IFERROR( INDEX(INDIRECT("'"&Generowanie_Zamówienia[[#This Row],[Nazwa arkusza]]&"'!A1:S1500",TRUE), MATCH(Generowanie_Zamówienia[[#This Row],[KOD_XL]],INDIRECT("'"&Generowanie_Zamówienia[[#This Row],[Nazwa arkusza]]&"'!S1:S1500",TRUE),0), 15),0) -> 0 | C22: =INDEX(Wsad_Ofertowy[],MATCH(Generowanie_Zamówienia[[#This Row],[KOD_XL]],Wsad_Ofertowy[Kod],0),21) -> 12 | D22: {=INDEX(Wsad_Ofertowy[],MATCH(Generowanie_Zamówienia[[#This Row],[KOD_XL]],Wsad_Ofertowy[Kod],0),$U$1)} -> 4.7 | E22: =IFERROR(Generowanie_Zamówienia[[#This Row],[ILOŚĆ OP. ZAMAWIANA]]*Generowanie_Zamówienia[[#This Row],[ILOŚC W OP.]]*Generowanie_Zamówienia[[#This Row],[CENA]],"") -> 0 | F22: =INDEX(Wsad_Ofertowy[],MATCH(Generowanie_Zamówienia[[#This Row],[KOD_XL]],Wsad_Ofertowy[Kod],0),MATCH("nazwa pakietu",Wsad_Ofertowy[#Headers],0)) -> LED_WKŁADY | G22: =IF(MID(Generowanie_Zamówienia[[#This Row],[KOD_XL]],1,3)="PAK", INDEX(Cennik_pakietów[],MATCH(Generowanie_Zamówienia[[#This Row],[KOD_XL]],Cennik_pakietów[KOD COMARCH],0),MATCH("Nazwa arkusza",Cennik_pakietów[#Headers],0)), INDEX(Cennik_pakietów[],MATCH(Generowanie_Zamówienia[[#This Row],[Pakiet]],Cennik_pakietów[NAZWA PAKIETU],0),MATCH("Nazwa arkusza",Cennik_pakietów[#Headers],0))) -> wkłady_led | H22: =IF(Generowanie_Zamówienia[[#This Row],[ILOŚĆ OP. ZAMAWIANA]]>0,COUNTIFS($B$1:B22,">0"),"") | I22: =INDEX(Wsad_Ofertowy[],MATCH(Generowanie_Zamówienia[[#This Row],[KOD_XL]],Wsad_Ofertowy[Kod],0),MATCH("Nazwa",Wsad_Ofertowy[#Headers],0)) -> Ass Świetlik S6 - fiolet | J22: =Generowanie_Zamówienia[[#This Row],[ILOŚĆ OP. ZAMAWIANA]]*Generowanie_Zamówienia[[#This Row],[ILOŚC W OP.]] -> 0 | L22: POCHODNIE | M22: 0 | N22: 0 | O22: 0 | P22: 0 | Q22: 0
A23: =Wsad_Ofertowy[[#This Row],[Kod]] -> ASSA0052 | B23: =IFERROR( INDEX(INDIRECT("'"&Generowanie_Zamówienia[[#This Row],[Nazwa arkusza]]&"'!A1:S1500",TRUE), MATCH(Generowanie_Zamówienia[[#This Row],[KOD_XL]],INDIRECT("'"&Generowanie_Zamówienia[[#This Row],[Nazwa arkusza]]&"'!S1:S1500",TRUE),0), 15),0) -> 0 | C23: =INDEX(Wsad_Ofertowy[],MATCH(Generowanie_Zamówienia[[#This Row],[KOD_XL]],Wsad_Ofertowy[Kod],0),21) -> 12 | D23: {=INDEX(Wsad_Ofertowy[],MATCH(Generowanie_Zamówienia[[#This Row],[KOD_XL]],Wsad_Ofertowy[Kod],0),$U$1)} -> 4.7 | E23: =IFERROR(Generowanie_Zamówienia[[#This Row],[ILOŚĆ OP. ZAMAWIANA]]*Generowanie_Zamówienia[[#This Row],[ILOŚC W OP.]]*Generowanie_Zamówienia[[#This Row],[CENA]],"") -> 0 | F23: =INDEX(Wsad_Ofertowy[],MATCH(Generowanie_Zamówienia[[#This Row],[KOD_XL]],Wsad_Ofertowy[Kod],0),MATCH("nazwa pakietu",Wsad_Ofertowy[#Headers],0)) -> LED_WKŁADY | G23: =IF(MID(Generowanie_Zamówienia[[#This Row],[KOD_XL]],1,3)="PAK", INDEX(Cennik_pakietów[],MATCH(Generowanie_Zamówienia[[#This Row],[KOD_XL]],Cennik_pakietów[KOD COMARCH],0),MATCH("Nazwa arkusza",Cennik_pakietów[#Headers],0)), INDEX(Cennik_pakietów[],MATCH(Generowanie_Zamówienia[[#This Row],[Pakiet]],Cennik_pakietów[NAZWA PAKIETU],0),MATCH("Nazwa arkusza",Cennik_pakietów[#Headers],0))) -> wkłady_led | H23: =IF(Generowanie_Zamówienia[[#This Row],[ILOŚĆ OP. ZAMAWIANA]]>0,COUNTIFS($B$1:B23,">0"),"") | I23: =INDEX(Wsad_Ofertowy[],MATCH(Generowanie_Zamówienia[[#This Row],[KOD_XL]],Wsad_Ofertowy[Kod],0),MATCH("Nazwa",Wsad_Ofertowy[#Headers],0)) -> Ass Świetlik S6 - MIX kolorów | J23: =Generowanie_Zamówienia[[#This Row],[ILOŚĆ OP. ZAMAWIANA]]*Generowanie_Zamówienia[[#This Row],[ILOŚC W OP.]] -> 0 | L23: LATARNIE | M23: 0 | N23: 0 | O23: 0 | P23: 0 | Q23: 0
A24: =Wsad_Ofertowy[[#This Row],[Kod]] -> ASSA0053 | B24: =IFERROR( INDEX(INDIRECT("'"&Generowanie_Zamówienia[[#This Row],[Nazwa arkusza]]&"'!A1:S1500",TRUE), MATCH(Generowanie_Zamówienia[[#This Row],[KOD_XL]],INDIRECT("'"&Generowanie_Zamówienia[[#This Row],[Nazwa arkusza]]&"'!S1:S1500",TRUE),0), 15),0) -> 0 | C24: =INDEX(Wsad_Ofertowy[],MATCH(Generowanie_Zamówienia[[#This Row],[KOD_XL]],Wsad_Ofertowy[Kod],0),21) -> 12 | D24: {=INDEX(Wsad_Ofertowy[],MATCH(Generowanie_Zamówienia[[#This Row],[KOD_XL]],Wsad_Ofertowy[Kod],0),$U$1)} -> 4.7 | E24: =IFERROR(Generowanie_Zamówienia[[#This Row],[ILOŚĆ OP. ZAMAWIANA]]*Generowanie_Zamówienia[[#This Row],[ILOŚC W OP.]]*Generowanie_Zamówienia[[#This Row],[CENA]],"") -> 0 | F24: =INDEX(Wsad_Ofertowy[],MATCH(Generowanie_Zamówienia[[#This Row],[KOD_XL]],Wsad_Ofertowy[Kod],0),MATCH("nazwa pakietu",Wsad_Ofertowy[#Headers],0)) -> LED_WKŁADY | G24: =IF(MID(Generowanie_Zamówienia[[#This Row],[KOD_XL]],1,3)="PAK", INDEX(Cennik_pakietów[],MATCH(Generowanie_Zamówienia[[#This Row],[KOD_XL]],Cennik_pakietów[KOD COMARCH],0),MATCH("Nazwa arkusza",Cennik_pakietów[#Headers],0)), INDEX(Cennik_pakietów[],MATCH(Generowanie_Zamówienia[[#This Row],[Pakiet]],Cennik_pakietów[NAZWA PAKIETU],0),MATCH("Nazwa arkusza",Cennik_pakietów[#Headers],0))) -> wkłady_led | H24: =IF(Generowanie_Zamówienia[[#This Row],[ILOŚĆ OP. ZAMAWIANA]]>0,COUNTIFS($B$1:B24,">0"),"") | I24: =INDEX(Wsad_Ofertowy[],MATCH(Generowanie_Zamówienia[[#This Row],[KOD_XL]],Wsad_Ofertowy[Kod],0),MATCH("Nazwa",Wsad_Ofertowy[#Headers],0)) -> Ass Świetlik S6 - niebieski | J24: =Generowanie_Zamówienia[[#This Row],[ILOŚĆ OP. ZAMAWIANA]]*Generowanie_Zamówienia[[#This Row],[ILOŚC W OP.]] -> 0 | L24: 2024 | M24: 0 | N24: 0 | O24: 0 | P24: 0 | Q24: 0
A25: =Wsad_Ofertowy[[#This Row],[Kod]] -> ASSA0054 | B25: =IFERROR( INDEX(INDIRECT("'"&Generowanie_Zamówienia[[#This Row],[Nazwa arkusza]]&"'!A1:S1500",TRUE), MATCH(Generowanie_Zamówienia[[#This Row],[KOD_XL]],INDIRECT("'"&Generowanie_Zamówienia[[#This Row],[Nazwa arkusza]]&"'!S1:S1500",TRUE),0), 15),0) -> 0 | C25: =INDEX(Wsad_Ofertowy[],MATCH(Generowanie_Zamówienia[[#This Row],[KOD_XL]],Wsad_Ofertowy[Kod],0),21) -> 12 | D25: {=INDEX(Wsad_Ofertowy[],MATCH(Generowanie_Zamówienia[[#This Row],[KOD_XL]],Wsad_Ofertowy[Kod],0),$U$1)} -> 4.7 | E25: =IFERROR(Generowanie_Zamówienia[[#This Row],[ILOŚĆ OP. ZAMAWIANA]]*Generowanie_Zamówienia[[#This Row],[ILOŚC W OP.]]*Generowanie_Zamówienia[[#This Row],[CENA]],"") -> 0 | F25: =INDEX(Wsad_Ofertowy[],MATCH(Generowanie_Zamówienia[[#This Row],[KOD_XL]],Wsad_Ofertowy[Kod],0),MATCH("nazwa pakietu",Wsad_Ofertowy[#Headers],0)) -> LED_WKŁADY | G25: =IF(MID(Generowanie_Zamówienia[[#This Row],[KOD_XL]],1,3)="PAK", INDEX(Cennik_pakietów[],MATCH(Generowanie_Zamówienia[[#This Row],[KOD_XL]],Cennik_pakietów[KOD COMARCH],0),MATCH("Nazwa arkusza",Cennik_pakietów[#Headers],0)), INDEX(Cennik_pakietów[],MATCH(Generowanie_Zamówienia[[#This Row],[Pakiet]],Cennik_pakietów[NAZWA PAKIETU],0),MATCH("Nazwa arkusza",Cennik_pakietów[#Headers],0))) -> wkłady_led | H25: =IF(Generowanie_Zamówienia[[#This Row],[ILOŚĆ OP. ZAMAWIANA]]>0,COUNTIFS($B$1:B25,">0"),"") | I25: =INDEX(Wsad_Ofertowy[],MATCH(Generowanie_Zamówienia[[#This Row],[KOD_XL]],Wsad_Ofertowy[Kod],0),MATCH("Nazwa",Wsad_Ofertowy[#Headers],0)) -> Ass Świetlik S6 - pomarańcz | J25: =Generowanie_Zamówienia[[#This Row],[ILOŚĆ OP. ZAMAWIANA]]*Generowanie_Zamówienia[[#This Row],[ILOŚC W OP.]] -> 0 | L25: SPODY | M25: 0 | N25: 0 | O25: 0 | P25: 0 | Q25: 0
A26: =Wsad_Ofertowy[[#This Row],[Kod]] -> ASSA0055 | B26: =IFERROR( INDEX(INDIRECT("'"&Generowanie_Zamówienia[[#This Row],[Nazwa arkusza]]&"'!A1:S1500",TRUE), MATCH(Generowanie_Zamówienia[[#This Row],[KOD_XL]],INDIRECT("'"&Generowanie_Zamówienia[[#This Row],[Nazwa arkusza]]&"'!S1:S1500",TRUE),0), 15),0) -> 0 | C26: =INDEX(Wsad_Ofertowy[],MATCH(Generowanie_Zamówienia[[#This Row],[KOD_XL]],Wsad_Ofertowy[Kod],0),21) -> 12 | D26: {=INDEX(Wsad_Ofertowy[],MATCH(Generowanie_Zamówienia[[#This Row],[KOD_XL]],Wsad_Ofertowy[Kod],0),$U$1)} -> 4.7 | E26: =IFERROR(Generowanie_Zamówienia[[#This Row],[ILOŚĆ OP. ZAMAWIANA]]*Generowanie_Zamówienia[[#This Row],[ILOŚC W OP.]]*Generowanie_Zamówienia[[#This Row],[CENA]],"") -> 0 | F26: =INDEX(Wsad_Ofertowy[],MATCH(Generowanie_Zamówienia[[#This Row],[KOD_XL]],Wsad_Ofertowy[Kod],0),MATCH("nazwa pakietu",Wsad_Ofertowy[#Headers],0)) -> LED_WKŁADY | G26: =IF(MID(Generowanie_Zamówienia[[#This Row],[KOD_XL]],1,3)="PAK", INDEX(Cennik_pakietów[],MATCH(Generowanie_Zamówienia[[#This Row],[KOD_XL]],Cennik_pakietów[KOD COMARCH],0),MATCH("Nazwa arkusza",Cennik_pakietów[#Headers],0)), INDEX(Cennik_pakietów[],MATCH(Generowanie_Zamówienia[[#This Row],[Pakiet]],Cennik_pakietów[NAZWA PAKIETU],0),MATCH("Nazwa arkusza",Cennik_pakietów[#Headers],0))) -> wkłady_led | H26: =IF(Generowanie_Zamówienia[[#This Row],[ILOŚĆ OP. ZAMAWIANA]]>0,COUNTIFS($B$1:B26,">0"),"") | I26: =INDEX(Wsad_Ofertowy[],MATCH(Generowanie_Zamówienia[[#This Row],[KOD_XL]],Wsad_Ofertowy[Kod],0),MATCH("Nazwa",Wsad_Ofertowy[#Headers],0)) -> Ass Świetlik S6 - zielony | J26: =Generowanie_Zamówienia[[#This Row],[ILOŚĆ OP. ZAMAWIANA]]*Generowanie_Zamówienia[[#This Row],[ILOŚC W OP.]] -> 0 | L26: CERAMICZNE | M26: 0 | N26: 0 | O26: 0 | P26: 0 | Q26: 0
A27: =Wsad_Ofertowy[[#This Row],[Kod]] -> ASSA0056 | B27: =IFERROR( INDEX(INDIRECT("'"&Generowanie_Zamówienia[[#This Row],[Nazwa arkusza]]&"'!A1:S1500",TRUE), MATCH(Generowanie_Zamówienia[[#This Row],[KOD_XL]],INDIRECT("'"&Generowanie_Zamówienia[[#This Row],[Nazwa arkusza]]&"'!S1:S1500",TRUE),0), 15),0) -> 0 | C27: =INDEX(Wsad_Ofertowy[],MATCH(Generowanie_Zamówienia[[#This Row],[KOD_XL]],Wsad_Ofertowy[Kod],0),21) -> 12 | D27: {=INDEX(Wsad_Ofertowy[],MATCH(Generowanie_Zamówienia[[#This Row],[KOD_XL]],Wsad_Ofertowy[Kod],0),$U$1)} -> 4.7 | E27: =IFERROR(Generowanie_Zamówienia[[#This Row],[ILOŚĆ OP. ZAMAWIANA]]*Generowanie_Zamówienia[[#This Row],[ILOŚC W OP.]]*Generowanie_Zamówienia[[#This Row],[CENA]],"") -> 0 | F27: =INDEX(Wsad_Ofertowy[],MATCH(Generowanie_Zamówienia[[#This Row],[KOD_XL]],Wsad_Ofertowy[Kod],0),MATCH("nazwa pakietu",Wsad_Ofertowy[#Headers],0)) -> LED_WKŁADY | G27: =IF(MID(Generowanie_Zamówienia[[#This Row],[KOD_XL]],1,3)="PAK", INDEX(Cennik_pakietów[],MATCH(Generowanie_Zamówienia[[#This Row],[KOD_XL]],Cennik_pakietów[KOD COMARCH],0),MATCH("Nazwa arkusza",Cennik_pakietów[#Headers],0)), INDEX(Cennik_pakietów[],MATCH(Generowanie_Zamówienia[[#This Row],[Pakiet]],Cennik_pakietów[NAZWA PAKIETU],0),MATCH("Nazwa arkusza",Cennik_pakietów[#Headers],0))) -> wkłady_led | H27: =IF(Generowanie_Zamówienia[[#This Row],[ILOŚĆ OP. ZAMAWIANA]]>0,COUNTIFS($B$1:B27,">0"),"") | I27: =INDEX(Wsad_Ofertowy[],MATCH(Generowanie_Zamówienia[[#This Row],[KOD_XL]],Wsad_Ofertowy[Kod],0),MATCH("Nazwa",Wsad_Ofertowy[#Headers],0)) -> Ass Świetlik S6 - zmieniający | J27: =Generowanie_Zamówienia[[#This Row],[ILOŚĆ OP. ZAMAWIANA]]*Generowanie_Zamówienia[[#This Row],[ILOŚC W OP.]] -> 0 | L27: PLASTIKOWE | M27: 0 | N27: 0 | O27: 0 | P27: 0 | Q27: 0
A28: =Wsad_Ofertowy[[#This Row],[Kod]] -> ASSA0057 | B28: =IFERROR( INDEX(INDIRECT("'"&Generowanie_Zamówienia[[#This Row],[Nazwa arkusza]]&"'!A1:S1500",TRUE), MATCH(Generowanie_Zamówienia[[#This Row],[KOD_XL]],INDIRECT("'"&Generowanie_Zamówienia[[#This Row],[Nazwa arkusza]]&"'!S1:S1500",TRUE),0), 15),0) -> 0 | C28: =INDEX(Wsad_Ofertowy[],MATCH(Generowanie_Zamówienia[[#This Row],[KOD_XL]],Wsad_Ofertowy[Kod],0),21) -> 12 | D28: {=INDEX(Wsad_Ofertowy[],MATCH(Generowanie_Zamówienia[[#This Row],[KOD_XL]],Wsad_Ofertowy[Kod],0),$U$1)} -> 4.7 | E28: =IFERROR(Generowanie_Zamówienia[[#This Row],[ILOŚĆ OP. ZAMAWIANA]]*Generowanie_Zamówienia[[#This Row],[ILOŚC W OP.]]*Generowanie_Zamówienia[[#This Row],[CENA]],"") -> 0 | F28: =INDEX(Wsad_Ofertowy[],MATCH(Generowanie_Zamówienia[[#This Row],[KOD_XL]],Wsad_Ofertowy[Kod],0),MATCH("nazwa pakietu",Wsad_Ofertowy[#Headers],0)) -> LED_WKŁADY | G28: =IF(MID(Generowanie_Zamówienia[[#This Row],[KOD_XL]],1,3)="PAK", INDEX(Cennik_pakietów[],MATCH(Generowanie_Zamówienia[[#This Row],[KOD_XL]],Cennik_pakietów[KOD COMARCH],0),MATCH("Nazwa arkusza",Cennik_pakietów[#Headers],0)), INDEX(Cennik_pakietów[],MATCH(Generowanie_Zamówienia[[#This Row],[Pakiet]],Cennik_pakietów[NAZWA PAKIETU],0),MATCH("Nazwa arkusza",Cennik_pakietów[#Headers],0))) -> wkłady_led | H28: =IF(Generowanie_Zamówienia[[#This Row],[ILOŚĆ OP. ZAMAWIANA]]>0,COUNTIFS($B$1:B28,">0"),"") | I28: =INDEX(Wsad_Ofertowy[],MATCH(Generowanie_Zamówienia[[#This Row],[KOD_XL]],Wsad_Ofertowy[Kod],0),MATCH("Nazwa",Wsad_Ofertowy[#Headers],0)) -> Ass Świetlik S6 - żółty | J28: =Generowanie_Zamówienia[[#This Row],[ILOŚĆ OP. ZAMAWIANA]]*Generowanie_Zamówienia[[#This Row],[ILOŚC W OP.]] -> 0 | L28: METALOWE | M28: 0 | N28: 0 | O28: 0 | P28: 0 | Q28: 0
A29: =Wsad_Ofertowy[[#This Row],[Kod]] -> GLAS0016 | B29: =IFERROR( INDEX(INDIRECT("'"&Generowanie_Zamówienia[[#This Row],[Nazwa arkusza]]&"'!A1:S1500",TRUE), MATCH(Generowanie_Zamówienia[[#This Row],[KOD_XL]],INDIRECT("'"&Generowanie_Zamówienia[[#This Row],[Nazwa arkusza]]&"'!S1:S1500",TRUE),0), 15),0) -> 0 | C29: =INDEX(Wsad_Ofertowy[],MATCH(Generowanie_Zamówienia[[#This Row],[KOD_XL]],Wsad_Ofertowy[Kod],0),21) -> 10 | D29: {=INDEX(Wsad_Ofertowy[],MATCH(Generowanie_Zamówienia[[#This Row],[KOD_XL]],Wsad_Ofertowy[Kod],0),$U$1)} -> 21.49 | E29: =IFERROR(Generowanie_Zamówienia[[#This Row],[ILOŚĆ OP. ZAMAWIANA]]*Generowanie_Zamówienia[[#This Row],[ILOŚC W OP.]]*Generowanie_Zamówienia[[#This Row],[CENA]],"") -> 0 | F29: =INDEX(Wsad_Ofertowy[],MATCH(Generowanie_Zamówienia[[#This Row],[KOD_XL]],Wsad_Ofertowy[Kod],0),MATCH("nazwa pakietu",Wsad_Ofertowy[#Headers],0)) -> KONIEC_SERII | G29: =IF(MID(Generowanie_Zamówienia[[#This Row],[KOD_XL]],1,3)="PAK", INDEX(Cennik_pakietów[],MATCH(Generowanie_Zamówienia[[#This Row],[KOD_XL]],Cennik_pakietów[KOD COMARCH],0),MATCH("Nazwa arkusza",Cennik_pakietów[#Headers],0)), INDEX(Cennik_pakietów[],MATCH(Generowanie_Zamówienia[[#This Row],[Pakiet]],Cennik_pakietów[NAZWA PAKIETU],0),MATCH("Nazwa arkusza",Cennik_pakietów[#Headers],0))) -> koniec serii | H29: =IF(Generowanie_Zamówienia[[#This Row],[ILOŚĆ OP. ZAMAWIANA]]>0,COUNTIFS($B$1:B29,">0"),"") | I29: =INDEX(Wsad_Ofertowy[],MATCH(Generowanie_Zamówienia[[#This Row],[KOD_XL]],Wsad_Ofertowy[Kod],0),MATCH("Nazwa",Wsad_Ofertowy[#Headers],0)) -> Cezar 4 sr | J29: =Generowanie_Zamówienia[[#This Row],[ILOŚĆ OP. ZAMAWIANA]]*Generowanie_Zamówienia[[#This Row],[ILOŚC W OP.]] -> 0 | L29: FIGURKI | M29: 0 | N29: 0 | O29: 0 | P29: 0 | Q29: 0
... A32: =Wsad_Ofertowy[[#This Row],[Kod]] -> CORT0003 | B32: =IFERROR( INDEX(INDIRECT("'"&Generowanie_Zamówienia[[#This Row],[Nazwa arkusza]]&"'!A1:S1500",TRUE), MATCH(Generowanie_Zamówienia[[#This Row],[KOD_XL]],INDIRECT("'"&Generowanie_Zamówienia[[#This Row],[Nazwa arkusza]]&"'!S1:S1500",TRUE),0), 15),0) -> 0 | C32: =INDEX(Wsad_Ofertowy[],MATCH(Generowanie_Zamówienia[[#This Row],[KOD_XL]],Wsad_Ofertowy[Kod],0),21) -> 0 | D32: {=INDEX(Wsad_Ofertowy[],MATCH(Generowanie_Zamówienia[[#This Row],[KOD_XL]],Wsad_Ofertowy[Kod],0),$U$1)} -> 0 | E32: =IFERROR(Generowanie_Zamówienia[[#This Row],[ILOŚĆ OP. ZAMAWIANA]]*Generowanie_Zamówienia[[#This Row],[ILOŚC W OP.]]*Generowanie_Zamówienia[[#This Row],[CENA]],"") -> 0 | F32: =INDEX(Wsad_Ofertowy[],MATCH(Generowanie_Zamówienia[[#This Row],[KOD_XL]],Wsad_Ofertowy[Kod],0),MATCH("nazwa pakietu",Wsad_Ofertowy[#Headers],0)) -> LED_WKŁADY | G32: =IF(MID(Generowanie_Zamówienia[[#This Row],[KOD_XL]],1,3)="PAK", INDEX(Cennik_pakietów[],MATCH(Generowanie_Zamówienia[[#This Row],[KOD_XL]],Cennik_pakietów[KOD COMARCH],0),MATCH("Nazwa arkusza",Cennik_pakietów[#Headers],0)), INDEX(Cennik_pakietów[],MATCH(Generowanie_Zamówienia[[#This Row],[Pakiet]],Cennik_pakietów[NAZWA PAKIETU],0),MATCH("Nazwa arkusza",Cennik_pakietów[#Headers],0))) -> wkłady_led | H32: =IF(Generowanie_Zamówienia[[#This Row],[ILOŚĆ OP. ZAMAWIANA]]>0,COUNTIFS($B$1:B32,">0"),"") | I32: =INDEX(Wsad_Ofertowy[],MATCH(Generowanie_Zamówienia[[#This Row],[KOD_XL]],Wsad_Ofertowy[Kod],0),MATCH("Nazwa",Wsad_Ofertowy[#Headers],0)) -> Cor Anioł figurka 15/20/NUS | J32: =Generowanie_Zamówienia[[#This Row],[ILOŚĆ OP. ZAMAWIANA]]*Generowanie_Zamówienia[[#This Row],[ILOŚC W OP.]] -> 0 | L32: AUCHAN | M32: 0 | N32: 0 | O32: 0 | P32: 0 | Q32: 0
A33: =Wsad_Ofertowy[[#This Row],[Kod]] -> CORT0006 | B33: =IFERROR( INDEX(INDIRECT("'"&Generowanie_Zamówienia[[#This Row],[Nazwa arkusza]]&"'!A1:S1500",TRUE), MATCH(Generowanie_Zamówienia[[#This Row],[KOD_XL]],INDIRECT("'"&Generowanie_Zamówienia[[#This Row],[Nazwa arkusza]]&"'!S1:S1500",TRUE),0), 15),0) -> 0 | C33: =INDEX(Wsad_Ofertowy[],MATCH(Generowanie_Zamówienia[[#This Row],[KOD_XL]],Wsad_Ofertowy[Kod],0),21) -> 1 | D33: {=INDEX(Wsad_Ofertowy[],MATCH(Generowanie_Zamówienia[[#This Row],[KOD_XL]],Wsad_Ofertowy[Kod],0),$U$1)} -> 9.99 | E33: =IFERROR(Generowanie_Zamówienia[[#This Row],[ILOŚĆ OP. ZAMAWIANA]]*Generowanie_Zamówienia[[#This Row],[ILOŚC W OP.]]*Generowanie_Zamówienia[[#This Row],[CENA]],"") -> 0 | F33: =INDEX(Wsad_Ofertowy[],MATCH(Generowanie_Zamówienia[[#This Row],[KOD_XL]],Wsad_Ofertowy[Kod],0),MATCH("nazwa pakietu",Wsad_Ofertowy[#Headers],0)) -> LED_WKŁADY | G33: =IF(MID(Generowanie_Zamówienia[[#This Row],[KOD_XL]],1,3)="PAK", INDEX(Cennik_pakietów[],MATCH(Generowanie_Zamówienia[[#This Row],[KOD_XL]],Cennik_pakietów[KOD COMARCH],0),MATCH("Nazwa arkusza",Cennik_pakietów[#Headers],0)), INDEX(Cennik_pakietów[],MATCH(Generowanie_Zamówienia[[#This Row],[Pakiet]],Cennik_pakietów[NAZWA PAKIETU],0),MATCH("Nazwa arkusza",Cennik_pakietów[#Headers],0))) -> wkłady_led | H33: =IF(Generowanie_Zamówienia[[#This Row],[ILOŚĆ OP. ZAMAWIANA]]>0,COUNTIFS($B$1:B33,">0"),"") | I33: =INDEX(Wsad_Ofertowy[],MATCH(Generowanie_Zamówienia[[#This Row],[KOD_XL]],Wsad_Ofertowy[Kod],0),MATCH("Nazwa",Wsad_Ofertowy[#Headers],0)) -> Cor Anioł LED serce 7cc 1/15/ANG mały | J33: =Generowanie_Zamówienia[[#This Row],[ILOŚĆ OP. ZAMAWIANA]]*Generowanie_Zamówienia[[#This Row],[ILOŚC W OP.]] -> 0 | L33: MAMA TATA | M33: 0 | N33: 0 | O33: 0 | P33: 0 | Q33: okazjonalne
A34: =Wsad_Ofertowy[[#This Row],[Kod]] -> CORT0007 | B34: =IFERROR( INDEX(INDIRECT("'"&Generowanie_Zamówienia[[#This Row],[Nazwa arkusza]]&"'!A1:S1500",TRUE), MATCH(Generowanie_Zamówienia[[#This Row],[KOD_XL]],INDIRECT("'"&Generowanie_Zamówienia[[#This Row],[Nazwa arkusza]]&"'!S1:S1500",TRUE),0), 15),0) -> 0 | C34: =INDEX(Wsad_Ofertowy[],MATCH(Generowanie_Zamówienia[[#This Row],[KOD_XL]],Wsad_Ofertowy[Kod],0),21) -> 1 | D34: {=INDEX(Wsad_Ofertowy[],MATCH(Generowanie_Zamówienia[[#This Row],[KOD_XL]],Wsad_Ofertowy[Kod],0),$U$1)} -> 25.6 | E34: =IFERROR(Generowanie_Zamówienia[[#This Row],[ILOŚĆ OP. ZAMAWIANA]]*Generowanie_Zamówienia[[#This Row],[ILOŚC W OP.]]*Generowanie_Zamówienia[[#This Row],[CENA]],"") -> 0 | F34: =INDEX(Wsad_Ofertowy[],MATCH(Generowanie_Zamówienia[[#This Row],[KOD_XL]],Wsad_Ofertowy[Kod],0),MATCH("nazwa pakietu",Wsad_Ofertowy[#Headers],0)) -> LED_WKŁADY | G34: =IF(MID(Generowanie_Zamówienia[[#This Row],[KOD_XL]],1,3)="PAK", INDEX(Cennik_pakietów[],MATCH(Generowanie_Zamówienia[[#This Row],[KOD_XL]],Cennik_pakietów[KOD COMARCH],0),MATCH("Nazwa arkusza",Cennik_pakietów[#Headers],0)), INDEX(Cennik_pakietów[],MATCH(Generowanie_Zamówienia[[#This Row],[Pakiet]],Cennik_pakietów[NAZWA PAKIETU],0),MATCH("Nazwa arkusza",Cennik_pakietów[#Headers],0))) -> wkłady_led | H34: =IF(Generowanie_Zamówienia[[#This Row],[ILOŚĆ OP. ZAMAWIANA]]>0,COUNTIFS($B$1:B34,">0"),"") | I34: =INDEX(Wsad_Ofertowy[],MATCH(Generowanie_Zamówienia[[#This Row],[KOD_XL]],Wsad_Ofertowy[Kod],0),MATCH("Nazwa",Wsad_Ofertowy[#Headers],0)) -> Cor Anioł LED serce 7cc 1/20 ANG | J34: =Generowanie_Zamówienia[[#This Row],[ILOŚĆ OP. ZAMAWIANA]]*Generowanie_Zamówienia[[#This Row],[ILOŚC W OP.]] -> 0
A35: =Wsad_Ofertowy[[#This Row],[Kod]] -> CORT0008 | B35: =IFERROR( INDEX(INDIRECT("'"&Generowanie_Zamówienia[[#This Row],[Nazwa arkusza]]&"'!A1:S1500",TRUE), MATCH(Generowanie_Zamówienia[[#This Row],[KOD_XL]],INDIRECT("'"&Generowanie_Zamówienia[[#This Row],[Nazwa arkusza]]&"'!S1:S1500",TRUE),0), 15),0) -> 0 | C35: =INDEX(Wsad_Ofertowy[],MATCH(Generowanie_Zamówienia[[#This Row],[KOD_XL]],Wsad_Ofertowy[Kod],0),21) -> 1 | D35: {=INDEX(Wsad_Ofertowy[],MATCH(Generowanie_Zamówienia[[#This Row],[KOD_XL]],Wsad_Ofertowy[Kod],0),$U$1)} -> 20.55 | E35: =IFERROR(Generowanie_Zamówienia[[#This Row],[ILOŚĆ OP. ZAMAWIANA]]*Generowanie_Zamówienia[[#This Row],[ILOŚC W OP.]]*Generowanie_Zamówienia[[#This Row],[CENA]],"") -> 0 | F35: =INDEX(Wsad_Ofertowy[],MATCH(Generowanie_Zamówienia[[#This Row],[KOD_XL]],Wsad_Ofertowy[Kod],0),MATCH("nazwa pakietu",Wsad_Ofertowy[#Headers],0)) -> LED_WKŁADY | G35: =IF(MID(Generowanie_Zamówienia[[#This Row],[KOD_XL]],1,3)="PAK", INDEX(Cennik_pakietów[],MATCH(Generowanie_Zamówienia[[#This Row],[KOD_XL]],Cennik_pakietów[KOD COMARCH],0),MATCH("Nazwa arkusza",Cennik_pakietów[#Headers],0)), INDEX(Cennik_pakietów[],MATCH(Generowanie_Zamówienia[[#This Row],[Pakiet]],Cennik_pakietów[NAZWA PAKIETU],0),MATCH("Nazwa arkusza",Cennik_pakietów[#Headers],0))) -> wkłady_led | H35: =IF(Generowanie_Zamówienia[[#This Row],[ILOŚĆ OP. ZAMAWIANA]]>0,COUNTIFS($B$1:B35,">0"),"") | I35: =INDEX(Wsad_Ofertowy[],MATCH(Generowanie_Zamówienia[[#This Row],[KOD_XL]],Wsad_Ofertowy[Kod],0),MATCH("Nazwa",Wsad_Ofertowy[#Headers],0)) -> Cor Anioł LED serce 7cc 2/20/ANG | J35: =Generowanie_Zamówienia[[#This Row],[ILOŚĆ OP. ZAMAWIANA]]*Generowanie_Zamówienia[[#This Row],[ILOŚC W OP.]] -> 0
A36: =Wsad_Ofertowy[[#This Row],[Kod]] -> CORT0009 | B36: =IFERROR( INDEX(INDIRECT("'"&Generowanie_Zamówienia[[#This Row],[Nazwa arkusza]]&"'!A1:S1500",TRUE), MATCH(Generowanie_Zamówienia[[#This Row],[KOD_XL]],INDIRECT("'"&Generowanie_Zamówienia[[#This Row],[Nazwa arkusza]]&"'!S1:S1500",TRUE),0), 15),0) -> 0 | C36: =INDEX(Wsad_Ofertowy[],MATCH(Generowanie_Zamówienia[[#This Row],[KOD_XL]],Wsad_Ofertowy[Kod],0),21) -> 1 | D36: {=INDEX(Wsad_Ofertowy[],MATCH(Generowanie_Zamówienia[[#This Row],[KOD_XL]],Wsad_Ofertowy[Kod],0),$U$1)} -> 24.99 | E36: =IFERROR(Generowanie_Zamówienia[[#This Row],[ILOŚĆ OP. ZAMAWIANA]]*Generowanie_Zamówienia[[#This Row],[ILOŚC W OP.]]*Generowanie_Zamówienia[[#This Row],[CENA]],"") -> 0 | F36: =INDEX(Wsad_Ofertowy[],MATCH(Generowanie_Zamówienia[[#This Row],[KOD_XL]],Wsad_Ofertowy[Kod],0),MATCH("nazwa pakietu",Wsad_Ofertowy[#Headers],0)) -> LED_WKŁADY | G36: =IF(MID(Generowanie_Zamówienia[[#This Row],[KOD_XL]],1,3)="PAK", INDEX(Cennik_pakietów[],MATCH(Generowanie_Zamówienia[[#This Row],[KOD_XL]],Cennik_pakietów[KOD COMARCH],0),MATCH("Nazwa arkusza",Cennik_pakietów[#Headers],0)), INDEX(Cennik_pakietów[],MATCH(Generowanie_Zamówienia[[#This Row],[Pakiet]],Cennik_pakietów[NAZWA PAKIETU],0),MATCH("Nazwa arkusza",Cennik_pakietów[#Headers],0))) -> wkłady_led | H36: =IF(Generowanie_Zamówienia[[#This Row],[ILOŚĆ OP. ZAMAWIANA]]>0,COUNTIFS($B$1:B36,">0"),"") | I36: =INDEX(Wsad_Ofertowy[],MATCH(Generowanie_Zamówienia[[#This Row],[KOD_XL]],Wsad_Ofertowy[Kod],0),MATCH("Nazwa",Wsad_Ofertowy[#Headers],0)) -> Cor Anioł LED serce 7cc 4/20/ANG | J36: =Generowanie_Zamówienia[[#This Row],[ILOŚĆ OP. ZAMAWIANA]]*Generowanie_Zamówienia[[#This Row],[ILOŚC W OP.]] -> 0
A37: =Wsad_Ofertowy[[#This Row],[Kod]] -> CORT0138 | B37: =IFERROR( INDEX(INDIRECT("'"&Generowanie_Zamówienia[[#This Row],[Nazwa arkusza]]&"'!A1:S1500",TRUE), MATCH(Generowanie_Zamówienia[[#This Row],[KOD_XL]],INDIRECT("'"&Generowanie_Zamówienia[[#This Row],[Nazwa arkusza]]&"'!S1:S1500",TRUE),0), 15),0) -> 0 | C37: =INDEX(Wsad_Ofertowy[],MATCH(Generowanie_Zamówienia[[#This Row],[KOD_XL]],Wsad_Ofertowy[Kod],0),21) -> 6 | D37: {=INDEX(Wsad_Ofertowy[],MATCH(Generowanie_Zamówienia[[#This Row],[KOD_XL]],Wsad_Ofertowy[Kod],0),$U$1)} -> 29.99 | E37: =IFERROR(Generowanie_Zamówienia[[#This Row],[ILOŚĆ OP. ZAMAWIANA]]*Generowanie_Zamówienia[[#This Row],[ILOŚC W OP.]]*Generowanie_Zamówienia[[#This Row],[CENA]],"") -> 0 | F37: =INDEX(Wsad_Ofertowy[],MATCH(Generowanie_Zamówienia[[#This Row],[KOD_XL]],Wsad_Ofertowy[Kod],0),MATCH("nazwa pakietu",Wsad_Ofertowy[#Headers],0)) -> KONIEC_SERII | G37: =IF(MID(Generowanie_Zamówienia[[#This Row],[KOD_XL]],1,3)="PAK", INDEX(Cennik_pakietów[],MATCH(Generowanie_Zamówienia[[#This Row],[KOD_XL]],Cennik_pakietów[KOD COMARCH],0),MATCH("Nazwa arkusza",Cennik_pakietów[#Headers],0)), INDEX(Cennik_pakietów[],MATCH(Generowanie_Zamówienia[[#This Row],[Pakiet]],Cennik_pakietów[NAZWA PAKIETU],0),MATCH("Nazwa arkusza",Cennik_pakietów[#Headers],0))) -> koniec serii | H37: =IF(Generowanie_Zamówienia[[#This Row],[ILOŚĆ OP. ZAMAWIANA]]>0,COUNTIFS($B$1:B37,">0"),"") | I37: =INDEX(Wsad_Ofertowy[],MATCH(Generowanie_Zamówienia[[#This Row],[KOD_XL]],Wsad_Ofertowy[Kod],0),MATCH("Nazwa",Wsad_Ofertowy[#Headers],0)) -> Cor Latarenka LED 3 św.biała | J37: =Generowanie_Zamówienia[[#This Row],[ILOŚĆ OP. ZAMAWIANA]]*Generowanie_Zamówienia[[#This Row],[ILOŚC W OP.]] -> 0
A38: =Wsad_Ofertowy[[#This Row],[Kod]] -> CORT0147 | B38: =IFERROR( INDEX(INDIRECT("'"&Generowanie_Zamówienia[[#This Row],[Nazwa arkusza]]&"'!A1:S1500",TRUE), MATCH(Generowanie_Zamówienia[[#This Row],[KOD_XL]],INDIRECT("'"&Generowanie_Zamówienia[[#This Row],[Nazwa arkusza]]&"'!S1:S1500",TRUE),0), 15),0) -> 0 | C38: =INDEX(Wsad_Ofertowy[],MATCH(Generowanie_Zamówienia[[#This Row],[KOD_XL]],Wsad_Ofertowy[Kod],0),21) -> 12 | D38: {=INDEX(Wsad_Ofertowy[],MATCH(Generowanie_Zamówienia[[#This Row],[KOD_XL]],Wsad_Ofertowy[Kod],0),$U$1)} -> 20.4 | E38: =IFERROR(Generowanie_Zamówienia[[#This Row],[ILOŚĆ OP. ZAMAWIANA]]*Generowanie_Zamówienia[[#This Row],[ILOŚC W OP.]]*Generowanie_Zamówienia[[#This Row],[CENA]],"") -> 0 | F38: =INDEX(Wsad_Ofertowy[],MATCH(Generowanie_Zamówienia[[#This Row],[KOD_XL]],Wsad_Ofertowy[Kod],0),MATCH("nazwa pakietu",Wsad_Ofertowy[#Headers],0)) -> KONIEC_SERII | G38: =IF(MID(Generowanie_Zamówienia[[#This Row],[KOD_XL]],1,3)="PAK", INDEX(Cennik_pakietów[],MATCH(Generowanie_Zamówienia[[#This Row],[KOD_XL]],Cennik_pakietów[KOD COMARCH],0),MATCH("Nazwa arkusza",Cennik_pakietów[#Headers],0)), INDEX(Cennik_pakietów[],MATCH(Generowanie_Zamówienia[[#This Row],[Pakiet]],Cennik_pakietów[NAZWA PAKIETU],0),MATCH("Nazwa arkusza",Cennik_pakietów[#Headers],0))) -> koniec serii | H38: =IF(Generowanie_Zamówienia[[#This Row],[ILOŚĆ OP. ZAMAWIANA]]>0,COUNTIFS($B$1:B38,">0"),"") | I38: =INDEX(Wsad_Ofertowy[],MATCH(Generowanie_Zamówienia[[#This Row],[KOD_XL]],Wsad_Ofertowy[Kod],0),MATCH("Nazwa",Wsad_Ofertowy[#Headers],0)) -> Cor Latarenka LED wiosenna 3 świece | J38: =Generowanie_Zamówienia[[#This Row],[ILOŚĆ OP. ZAMAWIANA]]*Generowanie_Zamówienia[[#This Row],[ILOŚC W OP.]] -> 0
A39: =Wsad_Ofertowy[[#This Row],[Kod]] -> CORT0294 | B39: =IFERROR( INDEX(INDIRECT("'"&Generowanie_Zamówienia[[#This Row],[Nazwa arkusza]]&"'!A1:S1500",TRUE), MATCH(Generowanie_Zamówienia[[#This Row],[KOD_XL]],INDIRECT("'"&Generowanie_Zamówienia[[#This Row],[Nazwa arkusza]]&"'!S1:S1500",TRUE),0), 15),0) -> 0 | C39: =INDEX(Wsad_Ofertowy[],MATCH(Generowanie_Zamówienia[[#This Row],[KOD_XL]],Wsad_Ofertowy[Kod],0),21) -> 0 | D39: {=INDEX(Wsad_Ofertowy[],MATCH(Generowanie_Zamówienia[[#This Row],[KOD_XL]],Wsad_Ofertowy[Kod],0),$U$1)} -> 4.49 | E39: =IFERROR(Generowanie_Zamówienia[[#This Row],[ILOŚĆ OP. ZAMAWIANA]]*Generowanie_Zamówienia[[#This Row],[ILOŚC W OP.]]*Generowanie_Zamówienia[[#This Row],[CENA]],"") -> 0 | F39: =INDEX(Wsad_Ofertowy[],MATCH(Generowanie_Zamówienia[[#This Row],[KOD_XL]],Wsad_Ofertowy[Kod],0),MATCH("nazwa pakietu",Wsad_Ofertowy[#Headers],0)) -> LED_WKŁADY | G39: =IF(MID(Generowanie_Zamówienia[[#This Row],[KOD_XL]],1,3)="PAK", INDEX(Cennik_pakietów[],MATCH(Generowanie_Zamówienia[[#This Row],[KOD_XL]],Cennik_pakietów[KOD COMARCH],0),MATCH("Nazwa arkusza",Cennik_pakietów[#Headers],0)), INDEX(Cennik_pakietów[],MATCH(Generowanie_Zamówienia[[#This Row],[Pakiet]],Cennik_pakietów[NAZWA PAKIETU],0),MATCH("Nazwa arkusza",Cennik_pakietów[#Headers],0))) -> wkłady_led | H39: =IF(Generowanie_Zamówienia[[#This Row],[ILOŚĆ OP. ZAMAWIANA]]>0,COUNTIFS($B$1:B39,">0"),"") | I39: =INDEX(Wsad_Ofertowy[],MATCH(Generowanie_Zamówienia[[#This Row],[KOD_XL]],Wsad_Ofertowy[Kod],0),MATCH("Nazwa",Wsad_Ofertowy[#Headers],0)) -> Cor Świeca LED 1/21/WAX czarna 5x9.5cm | J39: =Generowanie_Zamówienia[[#This Row],[ILOŚĆ OP. ZAMAWIANA]]*Generowanie_Zamówienia[[#This Row],[ILOŚC W OP.]] -> 0
A40: =Wsad_Ofertowy[[#This Row],[Kod]] -> CORT0341 | B40: =IFERROR( INDEX(INDIRECT("'"&Generowanie_Zamówienia[[#This Row],[Nazwa arkusza]]&"'!A1:S1500",TRUE), MATCH(Generowanie_Zamówienia[[#This Row],[KOD_XL]],INDIRECT("'"&Generowanie_Zamówienia[[#This Row],[Nazwa arkusza]]&"'!S1:S1500",TRUE),0), 15),0) -> 0 | C40: =INDEX(Wsad_Ofertowy[],MATCH(Generowanie_Zamówienia[[#This Row],[KOD_XL]],Wsad_Ofertowy[Kod],0),21) -> 6 | D40: {=INDEX(Wsad_Ofertowy[],MATCH(Generowanie_Zamówienia[[#This Row],[KOD_XL]],Wsad_Ofertowy[Kod],0),$U$1)} -> 6.99 | E40: =IFERROR(Generowanie_Zamówienia[[#This Row],[ILOŚĆ OP. ZAMAWIANA]]*Generowanie_Zamówienia[[#This Row],[ILOŚC W OP.]]*Generowanie_Zamówienia[[#This Row],[CENA]],"") -> 0 | F40: =INDEX(Wsad_Ofertowy[],MATCH(Generowanie_Zamówienia[[#This Row],[KOD_XL]],Wsad_Ofertowy[Kod],0),MATCH("nazwa pakietu",Wsad_Ofertowy[#Headers],0)) -> LED_WKŁADY | G40: =IF(MID(Generowanie_Zamówienia[[#This Row],[KOD_XL]],1,3)="PAK", INDEX(Cennik_pakietów[],MATCH(Generowanie_Zamówienia[[#This Row],[KOD_XL]],Cennik_pakietów[KOD COMARCH],0),MATCH("Nazwa arkusza",Cennik_pakietów[#Headers],0)), INDEX(Cennik_pakietów[],MATCH(Generowanie_Zamówienia[[#This Row],[Pakiet]],Cennik_pakietów[NAZWA PAKIETU],0),MATCH("Nazwa arkusza",Cennik_pakietów[#Headers],0))) -> wkłady_led | H40: =IF(Generowanie_Zamówienia[[#This Row],[ILOŚĆ OP. ZAMAWIANA]]>0,COUNTIFS($B$1:B40,">0"),"") | I40: =INDEX(Wsad_Ofertowy[],MATCH(Generowanie_Zamówienia[[#This Row],[KOD_XL]],Wsad_Ofertowy[Kod],0),MATCH("Nazwa",Wsad_Ofertowy[#Headers],0)) -> Cor Świeca LED 6/20/WAX 7x12.5cm czarna. | J40: =Generowanie_Zamówienia[[#This Row],[ILOŚĆ OP. ZAMAWIANA]]*Generowanie_Zamówienia[[#This Row],[ILOŚC W OP.]] -> 0
A41: =Wsad_Ofertowy[[#This Row],[Kod]] -> CORT0340 | B41: =IFERROR( INDEX(INDIRECT("'"&Generowanie_Zamówienia[[#This Row],[Nazwa arkusza]]&"'!A1:S1500",TRUE), MATCH(Generowanie_Zamówienia[[#This Row],[KOD_XL]],INDIRECT("'"&Generowanie_Zamówienia[[#This Row],[Nazwa arkusza]]&"'!S1:S1500",TRUE),0), 15),0) -> 0 | C41: =INDEX(Wsad_Ofertowy[],MATCH(Generowanie_Zamówienia[[#This Row],[KOD_XL]],Wsad_Ofertowy[Kod],0),21) -> 6 | D41: {=INDEX(Wsad_Ofertowy[],MATCH(Generowanie_Zamówienia[[#This Row],[KOD_XL]],Wsad_Ofertowy[Kod],0),$U$1)} -> 7.99 | E41: =IFERROR(Generowanie_Zamówienia[[#This Row],[ILOŚĆ OP. ZAMAWIANA]]*Generowanie_Zamówienia[[#This Row],[ILOŚC W OP.]]*Generowanie_Zamówienia[[#This Row],[CENA]],"") -> 0 | F41: =INDEX(Wsad_Ofertowy[],MATCH(Generowanie_Zamówienia[[#This Row],[KOD_XL]],Wsad_Ofertowy[Kod],0),MATCH("nazwa pakietu",Wsad_Ofertowy[#Headers],0)) -> LED_WKŁADY | G41: =IF(MID(Generowanie_Zamówienia[[#This Row],[KOD_XL]],1,3)="PAK", INDEX(Cennik_pakietów[],MATCH(Generowanie_Zamówienia[[#This Row],[KOD_XL]],Cennik_pakietów[KOD COMARCH],0),MATCH("Nazwa arkusza",Cennik_pakietów[#Headers],0)), INDEX(Cennik_pakietów[],MATCH(Generowanie_Zamówienia[[#This Row],[Pakiet]],Cennik_pakietów[NAZWA PAKIETU],0),MATCH("Nazwa arkusza",Cennik_pakietów[#Headers],0))) -> wkłady_led | H41: =IF(Generowanie_Zamówienia[[#This Row],[ILOŚĆ OP. ZAMAWIANA]]>0,COUNTIFS($B$1:B41,">0"),"") | I41: =INDEX(Wsad_Ofertowy[],MATCH(Generowanie_Zamówienia[[#This Row],[KOD_XL]],Wsad_Ofertowy[Kod],0),MATCH("Nazwa",Wsad_Ofertowy[#Headers],0)) -> Cor Świeca LED 8/20/WAX 7x18cm czarna | J41: =Generowanie_Zamówienia[[#This Row],[ILOŚĆ OP. ZAMAWIANA]]*Generowanie_Zamówienia[[#This Row],[ILOŚC W OP.]] -> 0
A42: =Wsad_Ofertowy[[#This Row],[Kod]] -> CORT0422 | B42: =IFERROR( INDEX(INDIRECT("'"&Generowanie_Zamówienia[[#This Row],[Nazwa arkusza]]&"'!A1:S1500",TRUE), MATCH(Generowanie_Zamówienia[[#This Row],[KOD_XL]],INDIRECT("'"&Generowanie_Zamówienia[[#This Row],[Nazwa arkusza]]&"'!S1:S1500",TRUE),0), 15),0) -> 0 | C42: =INDEX(Wsad_Ofertowy[],MATCH(Generowanie_Zamówienia[[#This Row],[KOD_XL]],Wsad_Ofertowy[Kod],0),21) -> 12 | D42: {=INDEX(Wsad_Ofertowy[],MATCH(Generowanie_Zamówienia[[#This Row],[KOD_XL]],Wsad_Ofertowy[Kod],0),$U$1)} -> 7.49 | E42: =IFERROR(Generowanie_Zamówienia[[#This Row],[ILOŚĆ OP. ZAMAWIANA]]*Generowanie_Zamówienia[[#This Row],[ILOŚC W OP.]]*Generowanie_Zamówienia[[#This Row],[CENA]],"") -> 0 | F42: =INDEX(Wsad_Ofertowy[],MATCH(Generowanie_Zamówienia[[#This Row],[KOD_XL]],Wsad_Ofertowy[Kod],0),MATCH("nazwa pakietu",Wsad_Ofertowy[#Headers],0)) -> LED_WKŁADY | G42: =IF(MID(Generowanie_Zamówienia[[#This Row],[KOD_XL]],1,3)="PAK", INDEX(Cennik_pakietów[],MATCH(Generowanie_Zamówienia[[#This Row],[KOD_XL]],Cennik_pakietów[KOD COMARCH],0),MATCH("Nazwa arkusza",Cennik_pakietów[#Headers],0)), INDEX(Cennik_pakietów[],MATCH(Generowanie_Zamówienia[[#This Row],[Pakiet]],Cennik_pakietów[NAZWA PAKIETU],0),MATCH("Nazwa arkusza",Cennik_pakietów[#Headers],0))) -> wkłady_led | H42: =IF(Generowanie_Zamówienia[[#This Row],[ILOŚĆ OP. ZAMAWIANA]]>0,COUNTIFS($B$1:B42,">0"),"") | I42: =INDEX(Wsad_Ofertowy[],MATCH(Generowanie_Zamówienia[[#This Row],[KOD_XL]],Wsad_Ofertowy[Kod],0),MATCH("Nazwa",Wsad_Ofertowy[#Headers],0)) -> Cor Świeca LED akrylowa holo 18cm ciepły biały (2xR6) | J42: =Generowanie_Zamówienia[[#This Row],[ILOŚĆ OP. ZAMAWIANA]]*Generowanie_Zamówienia[[#This Row],[ILOŚC W OP.]] -> 0
A43: =Wsad_Ofertowy[[#This Row],[Kod]] -> CORT0423 | B43: =IFERROR( INDEX(INDIRECT("'"&Generowanie_Zamówienia[[#This Row],[Nazwa arkusza]]&"'!A1:S1500",TRUE), MATCH(Generowanie_Zamówienia[[#This Row],[KOD_XL]],INDIRECT("'"&Generowanie_Zamówienia[[#This Row],[Nazwa arkusza]]&"'!S1:S1500",TRUE),0), 15),0) -> 0 | C43: =INDEX(Wsad_Ofertowy[],MATCH(Generowanie_Zamówienia[[#This Row],[KOD_XL]],Wsad_Ofertowy[Kod],0),21) -> 12 | D43: {=INDEX(Wsad_Ofertowy[],MATCH(Generowanie_Zamówienia[[#This Row],[KOD_XL]],Wsad_Ofertowy[Kod],0),$U$1)} -> 7.49 | E43: =IFERROR(Generowanie_Zamówienia[[#This Row],[ILOŚĆ OP. ZAMAWIANA]]*Generowanie_Zamówienia[[#This Row],[ILOŚC W OP.]]*Generowanie_Zamówienia[[#This Row],[CENA]],"") -> 0 | F43: =INDEX(Wsad_Ofertowy[],MATCH(Generowanie_Zamówienia[[#This Row],[KOD_XL]],Wsad_Ofertowy[Kod],0),MATCH("nazwa pakietu",Wsad_Ofertowy[#Headers],0)) -> LED_WKŁADY | G43: =IF(MID(Generowanie_Zamówienia[[#This Row],[KOD_XL]],1,3)="PAK", INDEX(Cennik_pakietów[],MATCH(Generowanie_Zamówienia[[#This Row],[KOD_XL]],Cennik_pakietów[KOD COMARCH],0),MATCH("Nazwa arkusza",Cennik_pakietów[#Headers],0)), INDEX(Cennik_pakietów[],MATCH(Generowanie_Zamówienia[[#This Row],[Pakiet]],Cennik_pakietów[NAZWA PAKIETU],0),MATCH("Nazwa arkusza",Cennik_pakietów[#Headers],0))) -> wkłady_led | H43: =IF(Generowanie_Zamówienia[[#This Row],[ILOŚĆ OP. ZAMAWIANA]]>0,COUNTIFS($B$1:B43,">0"),"") | I43: =INDEX(Wsad_Ofertowy[],MATCH(Generowanie_Zamówienia[[#This Row],[KOD_XL]],Wsad_Ofertowy[Kod],0),MATCH("Nazwa",Wsad_Ofertowy[#Headers],0)) -> Cor Świeca LED akrylowa holo 18cm zimny biały (2xR6) | J43: =Generowanie_Zamówienia[[#This Row],[ILOŚĆ OP. ZAMAWIANA]]*Generowanie_Zamówienia[[#This Row],[ILOŚC W OP.]] -> 0
A44: =Wsad_Ofertowy[[#This Row],[Kod]] -> CORT0413 | B44: =IFERROR( INDEX(INDIRECT("'"&Generowanie_Zamówienia[[#This Row],[Nazwa arkusza]]&"'!A1:S1500",TRUE), MATCH(Generowanie_Zamówienia[[#This Row],[KOD_XL]],INDIRECT("'"&Generowanie_Zamówienia[[#This Row],[Nazwa arkusza]]&"'!S1:S1500",TRUE),0), 15),0) -> 0 | C44: =INDEX(Wsad_Ofertowy[],MATCH(Generowanie_Zamówienia[[#This Row],[KOD_XL]],Wsad_Ofertowy[Kod],0),21) -> 12 | D44: {=INDEX(Wsad_Ofertowy[],MATCH(Generowanie_Zamówienia[[#This Row],[KOD_XL]],Wsad_Ofertowy[Kod],0),$U$1)} -> 8.99 | E44: =IFERROR(Generowanie_Zamówienia[[#This Row],[ILOŚĆ OP. ZAMAWIANA]]*Generowanie_Zamówienia[[#This Row],[ILOŚC W OP.]]*Generowanie_Zamówienia[[#This Row],[CENA]],"") -> 0 | F44: =INDEX(Wsad_Ofertowy[],MATCH(Generowanie_Zamówienia[[#This Row],[KOD_XL]],Wsad_Ofertowy[Kod],0),MATCH("nazwa pakietu",Wsad_Ofertowy[#Headers],0)) -> LED_WKŁADY | G44: =IF(MID(Generowanie_Zamówienia[[#This Row],[KOD_XL]],1,3)="PAK", INDEX(Cennik_pakietów[],MATCH(Generowanie_Zamówienia[[#This Row],[KOD_XL]],Cennik_pakietów[KOD COMARCH],0),MATCH("Nazwa arkusza",Cennik_pakietów[#Headers],0)), INDEX(Cennik_pakietów[],MATCH(Generowanie_Zamówienia[[#This Row],[Pakiet]],Cennik_pakietów[NAZWA PAKIETU],0),MATCH("Nazwa arkusza",Cennik_pakietów[#Headers],0))) -> wkłady_led | H44: =IF(Generowanie_Zamówienia[[#This Row],[ILOŚĆ OP. ZAMAWIANA]]>0,COUNTIFS($B$1:B44,">0"),"") | I44: =INDEX(Wsad_Ofertowy[],MATCH(Generowanie_Zamówienia[[#This Row],[KOD_XL]],Wsad_Ofertowy[Kod],0),MATCH("Nazwa",Wsad_Ofertowy[#Headers],0)) -> Cor Świeca LED Ażur 15 cm z. biały | J44: =Generowanie_Zamówienia[[#This Row],[ILOŚĆ OP. ZAMAWIANA]]*Generowanie_Zamówienia[[#This Row],[ILOŚC W OP.]] -> 0
A45: =Wsad_Ofertowy[[#This Row],[Kod]] -> CORT0412 | B45: =IFERROR( INDEX(INDIRECT("'"&Generowanie_Zamówienia[[#This Row],[Nazwa arkusza]]&"'!A1:S1500",TRUE), MATCH(Generowanie_Zamówienia[[#This Row],[KOD_XL]],INDIRECT("'"&Generowanie_Zamówienia[[#This Row],[Nazwa arkusza]]&"'!S1:S1500",TRUE),0), 15),0) -> 0 | C45: =INDEX(Wsad_Ofertowy[],MATCH(Generowanie_Zamówienia[[#This Row],[KOD_XL]],Wsad_Ofertowy[Kod],0),21) -> 12 | D45: {=INDEX(Wsad_Ofertowy[],MATCH(Generowanie_Zamówienia[[#This Row],[KOD_XL]],Wsad_Ofertowy[Kod],0),$U$1)} -> 9.99 | E45: =IFERROR(Generowanie_Zamówienia[[#This Row],[ILOŚĆ OP. ZAMAWIANA]]*Generowanie_Zamówienia[[#This Row],[ILOŚC W OP.]]*Generowanie_Zamówienia[[#This Row],[CENA]],"") -> 0 | F45: =INDEX(Wsad_Ofertowy[],MATCH(Generowanie_Zamówienia[[#This Row],[KOD_XL]],Wsad_Ofertowy[Kod],0),MATCH("nazwa pakietu",Wsad_Ofertowy[#Headers],0)) -> LED_WKŁADY | G45: =IF(MID(Generowanie_Zamówienia[[#This Row],[KOD_XL]],1,3)="PAK", INDEX(Cennik_pakietów[],MATCH(Generowanie_Zamówienia[[#This Row],[KOD_XL]],Cennik_pakietów[KOD COMARCH],0),MATCH("Nazwa arkusza",Cennik_pakietów[#Headers],0)), INDEX(Cennik_pakietów[],MATCH(Generowanie_Zamówienia[[#This Row],[Pakiet]],Cennik_pakietów[NAZWA PAKIETU],0),MATCH("Nazwa arkusza",Cennik_pakietów[#Headers],0))) -> wkłady_led | H45: =IF(Generowanie_Zamówienia[[#This Row],[ILOŚĆ OP. ZAMAWIANA]]>0,COUNTIFS($B$1:B45,">0"),"") | I45: =INDEX(Wsad_Ofertowy[],MATCH(Generowanie_Zamówienia[[#This Row],[KOD_XL]],Wsad_Ofertowy[Kod],0),MATCH("Nazwa",Wsad_Ofertowy[#Headers],0)) -> Cor Świeca LED Memorial ciepły biały | J45: =Generowanie_Zamówienia[[#This Row],[ILOŚĆ OP. ZAMAWIANA]]*Generowanie_Zamówienia[[#This Row],[ILOŚC W OP.]] -> 0
A46: =Wsad_Ofertowy[[#This Row],[Kod]] -> CORT39723 | B46: =IFERROR( INDEX(INDIRECT("'"&Generowanie_Zamówienia[[#This Row],[Nazwa arkusza]]&"'!A1:S1500",TRUE), MATCH(Generowanie_Zamówienia[[#This Row],[KOD_XL]],INDIRECT("'"&Generowanie_Zamówienia[[#This Row],[Nazwa arkusza]]&"'!S1:S1500",TRUE),0), 15),0) -> 0 | C46: =INDEX(Wsad_Ofertowy[],MATCH(Generowanie_Zamówienia[[#This Row],[KOD_XL]],Wsad_Ofertowy[Kod],0),21) -> 12 | D46: {=INDEX(Wsad_Ofertowy[],MATCH(Generowanie_Zamówienia[[#This Row],[KOD_XL]],Wsad_Ofertowy[Kod],0),$U$1)} -> 7.75 | E46: =IFERROR(Generowanie_Zamówienia[[#This Row],[ILOŚĆ OP. ZAMAWIANA]]*Generowanie_Zamówienia[[#This Row],[ILOŚC W OP.]]*Generowanie_Zamówienia[[#This Row],[CENA]],"") -> 0 | F46: =INDEX(Wsad_Ofertowy[],MATCH(Generowanie_Zamówienia[[#This Row],[KOD_XL]],Wsad_Ofertowy[Kod],0),MATCH("nazwa pakietu",Wsad_Ofertowy[#Headers],0)) -> LED_WKŁADY | G46: =IF(MID(Generowanie_Zamówienia[[#This Row],[KOD_XL]],1,3)="PAK", INDEX(Cennik_pakietów[],MATCH(Generowanie_Zamówienia[[#This Row],[KOD_XL]],Cennik_pakietów[KOD COMARCH],0),MATCH("Nazwa arkusza",Cennik_pakietów[#Headers],0)), INDEX(Cennik_pakietów[],MATCH(Generowanie_Zamówienia[[#This Row],[Pakiet]],Cennik_pakietów[NAZWA PAKIETU],0),MATCH("Nazwa arkusza",Cennik_pakietów[#Headers],0))) -> wkłady_led | H46: =IF(Generowanie_Zamówienia[[#This Row],[ILOŚĆ OP. ZAMAWIANA]]>0,COUNTIFS($B$1:B46,">0"),"") | I46: =INDEX(Wsad_Ofertowy[],MATCH(Generowanie_Zamówienia[[#This Row],[KOD_XL]],Wsad_Ofertowy[Kod],0),MATCH("Nazwa",Wsad_Ofertowy[#Headers],0)) -> Cor Świeca LED Pink Flame 17cm z bateriami GRANIT | J46: =Generowanie_Zamówienia[[#This Row],[ILOŚĆ OP. ZAMAWIANA]]*Generowanie_Zamówienia[[#This Row],[ILOŚC W OP.]] -> 0
A47: =Wsad_Ofertowy[[#This Row],[Kod]] -> CORT39693 | B47: =IFERROR( INDEX(INDIRECT("'"&Generowanie_Zamówienia[[#This Row],[Nazwa arkusza]]&"'!A1:S1500",TRUE), MATCH(Generowanie_Zamówienia[[#This Row],[KOD_XL]],INDIRECT("'"&Generowanie_Zamówienia[[#This Row],[Nazwa arkusza]]&"'!S1:S1500",TRUE),0), 15),0) -> 0 | C47: =INDEX(Wsad_Ofertowy[],MATCH(Generowanie_Zamówienia[[#This Row],[KOD_XL]],Wsad_Ofertowy[Kod],0),21) -> 12 | D47: {=INDEX(Wsad_Ofertowy[],MATCH(Generowanie_Zamówienia[[#This Row],[KOD_XL]],Wsad_Ofertowy[Kod],0),$U$1)} -> 7.75 | E47: =IFERROR(Generowanie_Zamówienia[[#This Row],[ILOŚĆ OP. ZAMAWIANA]]*Generowanie_Zamówienia[[#This Row],[ILOŚC W OP.]]*Generowanie_Zamówienia[[#This Row],[CENA]],"") -> 0 | F47: =INDEX(Wsad_Ofertowy[],MATCH(Generowanie_Zamówienia[[#This Row],[KOD_XL]],Wsad_Ofertowy[Kod],0),MATCH("Nazwa Pakietu",Wsad_Ofertowy[#Headers],0)) -> LED_WKŁADY | G47: =IF(MID(Generowanie_Zamówienia[[#This Row],[KOD_XL]],1,3)="PAK", INDEX(Cennik_pakietów[],MATCH(Generowanie_Zamówienia[[#This Row],[KOD_XL]],Cennik_pakietów[KOD COMARCH],0),MATCH("Nazwa arkusza",Cennik_pakietów[#Headers],0)), INDEX(Cennik_pakietów[],MATCH(Generowanie_Zamówienia[[#This Row],[Pakiet]],Cennik_pakietów[NAZWA PAKIETU],0),MATCH("Nazwa arkusza",Cennik_pakietów[#Headers],0))) -> wkłady_led | H47: =IF(Generowanie_Zamówienia[[#This Row],[ILOŚĆ OP. ZAMAWIANA]]>0,COUNTIFS($B$1:B47,">0"),"") | I47: =INDEX(Wsad_Ofertowy[],MATCH(Generowanie_Zamówienia[[#This Row],[KOD_XL]],Wsad_Ofertowy[Kod],0),MATCH("Nazwa",Wsad_Ofertowy[#Headers],0)) -> Cor Świeca LED Pink Flame 17cm z bateriami SREBRNA | J47: =Generowanie_Zamówienia[[#This Row],[ILOŚĆ OP. ZAMAWIANA]]*Generowanie_Zamówienia[[#This Row],[ILOŚC W OP.]] -> 0
A48: =Wsad_Ofertowy[[#This Row],[Kod]] -> CORT39662 | B48: =IFERROR( INDEX(INDIRECT("'"&Generowanie_Zamówienia[[#This Row],[Nazwa arkusza]]&"'!A1:S1500",TRUE), MATCH(Generowanie_Zamówienia[[#This Row],[KOD_XL]],INDIRECT("'"&Generowanie_Zamówienia[[#This Row],[Nazwa arkusza]]&"'!S1:S1500",TRUE),0), 15),0) -> 0 | C48: =INDEX(Wsad_Ofertowy[],MATCH(Generowanie_Zamówienia[[#This Row],[KOD_XL]],Wsad_Ofertowy[Kod],0),21) -> 12 | D48: {=INDEX(Wsad_Ofertowy[],MATCH(Generowanie_Zamówienia[[#This Row],[KOD_XL]],Wsad_Ofertowy[Kod],0),$U$1)} -> 7.75 | E48: =IFERROR(Generowanie_Zamówienia[[#This Row],[ILOŚĆ OP. ZAMAWIANA]]*Generowanie_Zamówienia[[#This Row],[ILOŚC W OP.]]*Generowanie_Zamówienia[[#This Row],[CENA]],"") -> 0 | F48: =INDEX(Wsad_Ofertowy[],MATCH(Generowanie_Zamówienia[[#This Row],[KOD_XL]],Wsad_Ofertowy[Kod],0),MATCH("nazwa pakietu",Wsad_Ofertowy[#Headers],0)) -> LED_WKŁADY | G48: =IF(MID(Generowanie_Zamówienia[[#This Row],[KOD_XL]],1,3)="PAK", INDEX(Cennik_pakietów[],MATCH(Generowanie_Zamówienia[[#This Row],[KOD_XL]],Cennik_pakietów[KOD COMARCH],0),MATCH("Nazwa arkusza",Cennik_pakietów[#Headers],0)), INDEX(Cennik_pakietów[],MATCH(Generowanie_Zamówienia[[#This Row],[Pakiet]],Cennik_pakietów[NAZWA PAKIETU],0),MATCH("Nazwa arkusza",Cennik_pakietów[#Headers],0))) -> wkłady_led | H48: =IF(Generowanie_Zamówienia[[#This Row],[ILOŚĆ OP. ZAMAWIANA]]>0,COUNTIFS($B$1:B48,">0"),"") | I48: =INDEX(Wsad_Ofertowy[],MATCH(Generowanie_Zamówienia[[#This Row],[KOD_XL]],Wsad_Ofertowy[Kod],0),MATCH("Nazwa",Wsad_Ofertowy[#Headers],0)) -> Cor Świeca LED Pink Flame 17cm z bateriami ZŁOTA | J48: =Generowanie_Zamówienia[[#This Row],[ILOŚĆ OP. ZAMAWIANA]]*Generowanie_Zamówienia[[#This Row],[ILOŚC W OP.]] -> 0
A49: =Wsad_Ofertowy[[#This Row],[Kod]] -> CORT0330 | B49: =IFERROR( INDEX(INDIRECT("'"&Generowanie_Zamówienia[[#This Row],[Nazwa arkusza]]&"'!A1:S1500",TRUE), MATCH(Generowanie_Zamówienia[[#This Row],[KOD_XL]],INDIRECT("'"&Generowanie_Zamówienia[[#This Row],[Nazwa arkusza]]&"'!S1:S1500",TRUE),0), 15),0) -> 0 | C49: =INDEX(Wsad_Ofertowy[],MATCH(Generowanie_Zamówienia[[#This Row],[KOD_XL]],Wsad_Ofertowy[Kod],0),21) -> 12 | D49: {=INDEX(Wsad_Ofertowy[],MATCH(Generowanie_Zamówienia[[#This Row],[KOD_XL]],Wsad_Ofertowy[Kod],0),$U$1)} -> 5.49 | E49: =IFERROR(Generowanie_Zamówienia[[#This Row],[ILOŚĆ OP. ZAMAWIANA]]*Generowanie_Zamówienia[[#This Row],[ILOŚC W OP.]]*Generowanie_Zamówienia[[#This Row],[CENA]],"") -> 0 | F49: =INDEX(Wsad_Ofertowy[],MATCH(Generowanie_Zamówienia[[#This Row],[KOD_XL]],Wsad_Ofertowy[Kod],0),MATCH("nazwa pakietu",Wsad_Ofertowy[#Headers],0)) -> LED_WKŁADY | G49: =IF(MID(Generowanie_Zamówienia[[#This Row],[KOD_XL]],1,3)="PAK", INDEX(Cennik_pakietów[],MATCH(Generowanie_Zamówienia[[#This Row],[KOD_XL]],Cennik_pakietów[KOD COMARCH],0),MATCH("Nazwa arkusza",Cennik_pakietów[#Headers],0)), INDEX(Cennik_pakietów[],MATCH(Generowanie_Zamówienia[[#This Row],[Pakiet]],Cennik_pakietów[NAZWA PAKIETU],0),MATCH("Nazwa arkusza",Cennik_pakietów[#Headers],0))) -> wkłady_led | H49: =IF(Generowanie_Zamówienia[[#This Row],[ILOŚĆ OP. ZAMAWIANA]]>0,COUNTIFS($B$1:B49,">0"),"") | I49: =INDEX(Wsad_Ofertowy[],MATCH(Generowanie_Zamówienia[[#This Row],[KOD_XL]],Wsad_Ofertowy[Kod],0),MATCH("Nazwa",Wsad_Ofertowy[#Headers],0)) -> Cor Świeca LED Rico 12,5cm z bateriami BIAŁA (srebrny/czerwony) | J49: =Generowanie_Zamówienia[[#This Row],[ILOŚĆ OP. ZAMAWIANA]]*Generowanie_Zamówienia[[#This Row],[ILOŚC W OP.]] -> 0
A50: =Wsad_Ofertowy[[#This Row],[Kod]] -> CORT0329 | B50: =IFERROR( INDEX(INDIRECT("'"&Generowanie_Zamówienia[[#This Row],[Nazwa arkusza]]&"'!A1:S1500",TRUE), MATCH(Generowanie_Zamówienia[[#This Row],[KOD_XL]],INDIRECT("'"&Generowanie_Zamówienia[[#This Row],[Nazwa arkusza]]&"'!S1:S1500",TRUE),0), 15),0) -> 0 | C50: =INDEX(Wsad_Ofertowy[],MATCH(Generowanie_Zamówienia[[#This Row],[KOD_XL]],Wsad_Ofertowy[Kod],0),21) -> 12 | D50: {=INDEX(Wsad_Ofertowy[],MATCH(Generowanie_Zamówienia[[#This Row],[KOD_XL]],Wsad_Ofertowy[Kod],0),$U$1)} -> 5.49 | E50: =IFERROR(Generowanie_Zamówienia[[#This Row],[ILOŚĆ OP. ZAMAWIANA]]*Generowanie_Zamówienia[[#This Row],[ILOŚC W OP.]]*Generowanie_Zamówienia[[#This Row],[CENA]],"") -> 0 | F50: =INDEX(Wsad_Ofertowy[],MATCH(Generowanie_Zamówienia[[#This Row],[KOD_XL]],Wsad_Ofertowy[Kod],0),MATCH("nazwa pakietu",Wsad_Ofertowy[#Headers],0)) -> LED_WKŁADY | G50: =IF(MID(Generowanie_Zamówienia[[#This Row],[KOD_XL]],1,3)="PAK", INDEX(Cennik_pakietów[],MATCH(Generowanie_Zamówienia[[#This Row],[KOD_XL]],Cennik_pakietów[KOD COMARCH],0),MATCH("Nazwa arkusza",Cennik_pakietów[#Headers],0)), INDEX(Cennik_pakietów[],MATCH(Generowanie_Zamówienia[[#This Row],[Pakiet]],Cennik_pakietów[NAZWA PAKIETU],0),MATCH("Nazwa arkusza",Cennik_pakietów[#Headers],0))) -> wkłady_led | H50: =IF(Generowanie_Zamówienia[[#This Row],[ILOŚĆ OP. ZAMAWIANA]]>0,COUNTIFS($B$1:B50,">0"),"") | I50: =INDEX(Wsad_Ofertowy[],MATCH(Generowanie_Zamówienia[[#This Row],[KOD_XL]],Wsad_Ofertowy[Kod],0),MATCH("Nazwa",Wsad_Ofertowy[#Headers],0)) -> Cor Świeca LED Rico 12,5cm z bateriami BIAŁA (złoty/żółty) | J50: =Generowanie_Zamówienia[[#This Row],[ILOŚĆ OP. ZAMAWIANA]]*Generowanie_Zamówienia[[#This Row],[ILOŚC W OP.]] -> 0
A51: =Wsad_Ofertowy[[#This Row],[Kod]] -> CORT0414 | B51: =IFERROR( INDEX(INDIRECT("'"&Generowanie_Zamówienia[[#This Row],[Nazwa arkusza]]&"'!A1:S1500",TRUE), MATCH(Generowanie_Zamówienia[[#This Row],[KOD_XL]],INDIRECT("'"&Generowanie_Zamówienia[[#This Row],[Nazwa arkusza]]&"'!S1:S1500",TRUE),0), 15),0) -> 0 | C51: =INDEX(Wsad_Ofertowy[],MATCH(Generowanie_Zamówienia[[#This Row],[KOD_XL]],Wsad_Ofertowy[Kod],0),21) -> 12 | D51: {=INDEX(Wsad_Ofertowy[],MATCH(Generowanie_Zamówienia[[#This Row],[KOD_XL]],Wsad_Ofertowy[Kod],0),$U$1)} -> 5.49 | E51: =IFERROR(Generowanie_Zamówienia[[#This Row],[ILOŚĆ OP. ZAMAWIANA]]*Generowanie_Zamówienia[[#This Row],[ILOŚC W OP.]]*Generowanie_Zamówienia[[#This Row],[CENA]],"") -> 0 | F51: =INDEX(Wsad_Ofertowy[],MATCH(Generowanie_Zamówienia[[#This Row],[KOD_XL]],Wsad_Ofertowy[Kod],0),MATCH("nazwa pakietu",Wsad_Ofertowy[#Headers],0)) -> LED_WKŁADY | G51: =IF(MID(Generowanie_Zamówienia[[#This Row],[KOD_XL]],1,3)="PAK", INDEX(Cennik_pakietów[],MATCH(Generowanie_Zamówienia[[#This Row],[KOD_XL]],Cennik_pakietów[KOD COMARCH],0),MATCH("Nazwa arkusza",Cennik_pakietów[#Headers],0)), INDEX(Cennik_pakietów[],MATCH(Generowanie_Zamówienia[[#This Row],[Pakiet]],Cennik_pakietów[NAZWA PAKIETU],0),MATCH("Nazwa arkusza",Cennik_pakietów[#Headers],0))) -> wkłady_led | H51: =IF(Generowanie_Zamówienia[[#This Row],[ILOŚĆ OP. ZAMAWIANA]]>0,COUNTIFS($B$1:B51,">0"),"") | I51: =INDEX(Wsad_Ofertowy[],MATCH(Generowanie_Zamówienia[[#This Row],[KOD_XL]],Wsad_Ofertowy[Kod],0),MATCH("Nazwa",Wsad_Ofertowy[#Headers],0)) -> Cor Świeca LED Rico 12,5cm z bateriami BIAŁY (złoto/czerwony) | J51: =Generowanie_Zamówienia[[#This Row],[ILOŚĆ OP. ZAMAWIANA]]*Generowanie_Zamówienia[[#This Row],[ILOŚC W OP.]] -> 0
A52: =Wsad_Ofertowy[[#This Row],[Kod]] -> CORT0359 | B52: =IFERROR( INDEX(INDIRECT("'"&Generowanie_Zamówienia[[#This Row],[Nazwa arkusza]]&"'!A1:S1500",TRUE), MATCH(Generowanie_Zamówienia[[#This Row],[KOD_XL]],INDIRECT("'"&Generowanie_Zamówienia[[#This Row],[Nazwa arkusza]]&"'!S1:S1500",TRUE),0), 15),0) -> 0 | C52: =INDEX(Wsad_Ofertowy[],MATCH(Generowanie_Zamówienia[[#This Row],[KOD_XL]],Wsad_Ofertowy[Kod],0),21) -> 12 | D52: {=INDEX(Wsad_Ofertowy[],MATCH(Generowanie_Zamówienia[[#This Row],[KOD_XL]],Wsad_Ofertowy[Kod],0),$U$1)} -> 5.49 | E52: =IFERROR(Generowanie_Zamówienia[[#This Row],[ILOŚĆ OP. ZAMAWIANA]]*Generowanie_Zamówienia[[#This Row],[ILOŚC W OP.]]*Generowanie_Zamówienia[[#This Row],[CENA]],"") -> 0 | F52: =INDEX(Wsad_Ofertowy[],MATCH(Generowanie_Zamówienia[[#This Row],[KOD_XL]],Wsad_Ofertowy[Kod],0),MATCH("nazwa pakietu",Wsad_Ofertowy[#Headers],0)) -> LED_WKŁADY | G52: =IF(MID(Generowanie_Zamówienia[[#This Row],[KOD_XL]],1,3)="PAK", INDEX(Cennik_pakietów[],MATCH(Generowanie_Zamówienia[[#This Row],[KOD_XL]],Cennik_pakietów[KOD COMARCH],0),MATCH("Nazwa arkusza",Cennik_pakietów[#Headers],0)), INDEX(Cennik_pakietów[],MATCH(Generowanie_Zamówienia[[#This Row],[Pakiet]],Cennik_pakietów[NAZWA PAKIETU],0),MATCH("Nazwa arkusza",Cennik_pakietów[#Headers],0))) -> wkłady_led | H52: =IF(Generowanie_Zamówienia[[#This Row],[ILOŚĆ OP. ZAMAWIANA]]>0,COUNTIFS($B$1:B52,">0"),"") | I52: =INDEX(Wsad_Ofertowy[],MATCH(Generowanie_Zamówienia[[#This Row],[KOD_XL]],Wsad_Ofertowy[Kod],0),MATCH("Nazwa",Wsad_Ofertowy[#Headers],0)) -> Cor Świeca LED Rico 12,5cm z bateriami CZARNY (złoto/czerwony) | J52: =Generowanie_Zamówienia[[#This Row],[ILOŚĆ OP. ZAMAWIANA]]*Generowanie_Zamówienia[[#This Row],[ILOŚC W OP.]] -> 0
A53: =Wsad_Ofertowy[[#This Row],[Kod]] -> CORT0415 | B53: =IFERROR( INDEX(INDIRECT("'"&Generowanie_Zamówienia[[#This Row],[Nazwa arkusza]]&"'!A1:S1500",TRUE), MATCH(Generowanie_Zamówienia[[#This Row],[KOD_XL]],INDIRECT("'"&Generowanie_Zamówienia[[#This Row],[Nazwa arkusza]]&"'!S1:S1500",TRUE),0), 15),0) -> 0 | C53: =INDEX(Wsad_Ofertowy[],MATCH(Generowanie_Zamówienia[[#This Row],[KOD_XL]],Wsad_Ofertowy[Kod],0),21) -> 12 | D53: {=INDEX(Wsad_Ofertowy[],MATCH(Generowanie_Zamówienia[[#This Row],[KOD_XL]],Wsad_Ofertowy[Kod],0),$U$1)} -> 5.99 | E53: =IFERROR(Generowanie_Zamówienia[[#This Row],[ILOŚĆ OP. ZAMAWIANA]]*Generowanie_Zamówienia[[#This Row],[ILOŚC W OP.]]*Generowanie_Zamówienia[[#This Row],[CENA]],"") -> 0 | F53: =INDEX(Wsad_Ofertowy[],MATCH(Generowanie_Zamówienia[[#This Row],[KOD_XL]],Wsad_Ofertowy[Kod],0),MATCH("nazwa pakietu",Wsad_Ofertowy[#Headers],0)) -> LED_WKŁADY | G53: =IF(MID(Generowanie_Zamówienia[[#This Row],[KOD_XL]],1,3)="PAK", INDEX(Cennik_pakietów[],MATCH(Generowanie_Zamówienia[[#This Row],[KOD_XL]],Cennik_pakietów[KOD COMARCH],0),MATCH("Nazwa arkusza",Cennik_pakietów[#Headers],0)), INDEX(Cennik_pakietów[],MATCH(Generowanie_Zamówienia[[#This Row],[Pakiet]],Cennik_pakietów[NAZWA PAKIETU],0),MATCH("Nazwa arkusza",Cennik_pakietów[#Headers],0))) -> wkłady_led | H53: =IF(Generowanie_Zamówienia[[#This Row],[ILOŚĆ OP. ZAMAWIANA]]>0,COUNTIFS($B$1:B53,">0"),"") | I53: =INDEX(Wsad_Ofertowy[],MATCH(Generowanie_Zamówienia[[#This Row],[KOD_XL]],Wsad_Ofertowy[Kod],0),MATCH("Nazwa",Wsad_Ofertowy[#Headers],0)) -> Cor Świeca LED Rico 15cm z bateriami BIAŁA (srebny/biały zimny) | J53: =Generowanie_Zamówienia[[#This Row],[ILOŚĆ OP. ZAMAWIANA]]*Generowanie_Zamówienia[[#This Row],[ILOŚC W OP.]] -> 0
A54: =Wsad_Ofertowy[[#This Row],[Kod]] -> CORT0335 | B54: =IFERROR( INDEX(INDIRECT("'"&Generowanie_Zamówienia[[#This Row],[Nazwa arkusza]]&"'!A1:S1500",TRUE), MATCH(Generowanie_Zamówienia[[#This Row],[KOD_XL]],INDIRECT("'"&Generowanie_Zamówienia[[#This Row],[Nazwa arkusza]]&"'!S1:S1500",TRUE),0), 15),0) -> 0 | C54: =INDEX(Wsad_Ofertowy[],MATCH(Generowanie_Zamówienia[[#This Row],[KOD_XL]],Wsad_Ofertowy[Kod],0),21) -> 12 | D54: {=INDEX(Wsad_Ofertowy[],MATCH(Generowanie_Zamówienia[[#This Row],[KOD_XL]],Wsad_Ofertowy[Kod],0),$U$1)} -> 5.99 | E54: =IFERROR(Generowanie_Zamówienia[[#This Row],[ILOŚĆ OP. ZAMAWIANA]]*Generowanie_Zamówienia[[#This Row],[ILOŚC W OP.]]*Generowanie_Zamówienia[[#This Row],[CENA]],"") -> 0 | F54: =INDEX(Wsad_Ofertowy[],MATCH(Generowanie_Zamówienia[[#This Row],[KOD_XL]],Wsad_Ofertowy[Kod],0),MATCH("nazwa pakietu",Wsad_Ofertowy[#Headers],0)) -> LED_WKŁADY | G54: =IF(MID(Generowanie_Zamówienia[[#This Row],[KOD_XL]],1,3)="PAK", INDEX(Cennik_pakietów[],MATCH(Generowanie_Zamówienia[[#This Row],[KOD_XL]],Cennik_pakietów[KOD COMARCH],0),MATCH("Nazwa arkusza",Cennik_pakietów[#Headers],0)), INDEX(Cennik_pakietów[],MATCH(Generowanie_Zamówienia[[#This Row],[Pakiet]],Cennik_pakietów[NAZWA PAKIETU],0),MATCH("Nazwa arkusza",Cennik_pakietów[#Headers],0))) -> wkłady_led | H54: =IF(Generowanie_Zamówienia[[#This Row],[ILOŚĆ OP. ZAMAWIANA]]>0,COUNTIFS($B$1:B54,">0"),"") | I54: =INDEX(Wsad_Ofertowy[],MATCH(Generowanie_Zamówienia[[#This Row],[KOD_XL]],Wsad_Ofertowy[Kod],0),MATCH("Nazwa",Wsad_Ofertowy[#Headers],0)) -> Cor Świeca LED Rico 15cm z bateriami BIAŁA (srebrny/czerwony) | J54: =Generowanie_Zamówienia[[#This Row],[ILOŚĆ OP. ZAMAWIANA]]*Generowanie_Zamówienia[[#This Row],[ILOŚC W OP.]] -> 0
A55: =Wsad_Ofertowy[[#This Row],[Kod]] -> CORT0336 | B55: =IFERROR( INDEX(INDIRECT("'"&Generowanie_Zamówienia[[#This Row],[Nazwa arkusza]]&"'!A1:S1500",TRUE), MATCH(Generowanie_Zamówienia[[#This Row],[KOD_XL]],INDIRECT("'"&Generowanie_Zamówienia[[#This Row],[Nazwa arkusza]]&"'!S1:S1500",TRUE),0), 15),0) -> 0 | C55: =INDEX(Wsad_Ofertowy[],MATCH(Generowanie_Zamówienia[[#This Row],[KOD_XL]],Wsad_Ofertowy[Kod],0),21) -> 12 | D55: {=INDEX(Wsad_Ofertowy[],MATCH(Generowanie_Zamówienia[[#This Row],[KOD_XL]],Wsad_Ofertowy[Kod],0),$U$1)} -> 5.99 | E55: =IFERROR(Generowanie_Zamówienia[[#This Row],[ILOŚĆ OP. ZAMAWIANA]]*Generowanie_Zamówienia[[#This Row],[ILOŚC W OP.]]*Generowanie_Zamówienia[[#This Row],[CENA]],"") -> 0 | F55: =INDEX(Wsad_Ofertowy[],MATCH(Generowanie_Zamówienia[[#This Row],[KOD_XL]],Wsad_Ofertowy[Kod],0),MATCH("nazwa pakietu",Wsad_Ofertowy[#Headers],0)) -> LED_WKŁADY | G55: =IF(MID(Generowanie_Zamówienia[[#This Row],[KOD_XL]],1,3)="PAK", INDEX(Cennik_pakietów[],MATCH(Generowanie_Zamówienia[[#This Row],[KOD_XL]],Cennik_pakietów[KOD COMARCH],0),MATCH("Nazwa arkusza",Cennik_pakietów[#Headers],0)), INDEX(Cennik_pakietów[],MATCH(Generowanie_Zamówienia[[#This Row],[Pakiet]],Cennik_pakietów[NAZWA PAKIETU],0),MATCH("Nazwa arkusza",Cennik_pakietów[#Headers],0))) -> wkłady_led | H55: =IF(Generowanie_Zamówienia[[#This Row],[ILOŚĆ OP. ZAMAWIANA]]>0,COUNTIFS($B$1:B55,">0"),"") | I55: =INDEX(Wsad_Ofertowy[],MATCH(Generowanie_Zamówienia[[#This Row],[KOD_XL]],Wsad_Ofertowy[Kod],0),MATCH("Nazwa",Wsad_Ofertowy[#Headers],0)) -> Cor Świeca LED Rico 15cm z bateriami BIAŁA (srebry/żółty) | J55: =Generowanie_Zamówienia[[#This Row],[ILOŚĆ OP. ZAMAWIANA]]*Generowanie_Zamówienia[[#This Row],[ILOŚC W OP.]] -> 0
A56: =Wsad_Ofertowy[[#This Row],[Kod]] -> CORT0332 | B56: =IFERROR( INDEX(INDIRECT("'"&Generowanie_Zamówienia[[#This Row],[Nazwa arkusza]]&"'!A1:S1500",TRUE), MATCH(Generowanie_Zamówienia[[#This Row],[KOD_XL]],INDIRECT("'"&Generowanie_Zamówienia[[#This Row],[Nazwa arkusza]]&"'!S1:S1500",TRUE),0), 15),0) -> 0 | C56: =INDEX(Wsad_Ofertowy[],MATCH(Generowanie_Zamówienia[[#This Row],[KOD_XL]],Wsad_Ofertowy[Kod],0),21) -> 12 | D56: {=INDEX(Wsad_Ofertowy[],MATCH(Generowanie_Zamówienia[[#This Row],[KOD_XL]],Wsad_Ofertowy[Kod],0),$U$1)} -> 5.99 | E56: =IFERROR(Generowanie_Zamówienia[[#This Row],[ILOŚĆ OP. ZAMAWIANA]]*Generowanie_Zamówienia[[#This Row],[ILOŚC W OP.]]*Generowanie_Zamówienia[[#This Row],[CENA]],"") -> 0 | F56: =INDEX(Wsad_Ofertowy[],MATCH(Generowanie_Zamówienia[[#This Row],[KOD_XL]],Wsad_Ofertowy[Kod],0),MATCH("nazwa pakietu",Wsad_Ofertowy[#Headers],0)) -> LED_WKŁADY | G56: =IF(MID(Generowanie_Zamówienia[[#This Row],[KOD_XL]],1,3)="PAK", INDEX(Cennik_pakietów[],MATCH(Generowanie_Zamówienia[[#This Row],[KOD_XL]],Cennik_pakietów[KOD COMARCH],0),MATCH("Nazwa arkusza",Cennik_pakietów[#Headers],0)), INDEX(Cennik_pakietów[],MATCH(Generowanie_Zamówienia[[#This Row],[Pakiet]],Cennik_pakietów[NAZWA PAKIETU],0),MATCH("Nazwa arkusza",Cennik_pakietów[#Headers],0))) -> wkłady_led | H56: =IF(Generowanie_Zamówienia[[#This Row],[ILOŚĆ OP. ZAMAWIANA]]>0,COUNTIFS($B$1:B56,">0"),"") | I56: =INDEX(Wsad_Ofertowy[],MATCH(Generowanie_Zamówienia[[#This Row],[KOD_XL]],Wsad_Ofertowy[Kod],0),MATCH("Nazwa",Wsad_Ofertowy[#Headers],0)) -> Cor Świeca LED Rico 15cm z bateriami BIAŁA (złoty/biały zimny) | J56: =Generowanie_Zamówienia[[#This Row],[ILOŚĆ OP. ZAMAWIANA]]*Generowanie_Zamówienia[[#This Row],[ILOŚC W OP.]] -> 0
A57: =Wsad_Ofertowy[[#This Row],[Kod]] -> CORT0333 | B57: =IFERROR( INDEX(INDIRECT("'"&Generowanie_Zamówienia[[#This Row],[Nazwa arkusza]]&"'!A1:S1500",TRUE), MATCH(Generowanie_Zamówienia[[#This Row],[KOD_XL]],INDIRECT("'"&Generowanie_Zamówienia[[#This Row],[Nazwa arkusza]]&"'!S1:S1500",TRUE),0), 15),0) -> 0 | C57: =INDEX(Wsad_Ofertowy[],MATCH(Generowanie_Zamówienia[[#This Row],[KOD_XL]],Wsad_Ofertowy[Kod],0),21) -> 12 | D57: {=INDEX(Wsad_Ofertowy[],MATCH(Generowanie_Zamówienia[[#This Row],[KOD_XL]],Wsad_Ofertowy[Kod],0),$U$1)} -> 5.99 | E57: =IFERROR(Generowanie_Zamówienia[[#This Row],[ILOŚĆ OP. ZAMAWIANA]]*Generowanie_Zamówienia[[#This Row],[ILOŚC W OP.]]*Generowanie_Zamówienia[[#This Row],[CENA]],"") -> 0 | F57: =INDEX(Wsad_Ofertowy[],MATCH(Generowanie_Zamówienia[[#This Row],[KOD_XL]],Wsad_Ofertowy[Kod],0),MATCH("nazwa pakietu",Wsad_Ofertowy[#Headers],0)) -> LED_WKŁADY | G57: =IF(MID(Generowanie_Zamówienia[[#This Row],[KOD_XL]],1,3)="PAK", INDEX(Cennik_pakietów[],MATCH(Generowanie_Zamówienia[[#This Row],[KOD_XL]],Cennik_pakietów[KOD COMARCH],0),MATCH("Nazwa arkusza",Cennik_pakietów[#Headers],0)), INDEX(Cennik_pakietów[],MATCH(Generowanie_Zamówienia[[#This Row],[Pakiet]],Cennik_pakietów[NAZWA PAKIETU],0),MATCH("Nazwa arkusza",Cennik_pakietów[#Headers],0))) -> wkłady_led | H57: =IF(Generowanie_Zamówienia[[#This Row],[ILOŚĆ OP. ZAMAWIANA]]>0,COUNTIFS($B$1:B57,">0"),"") | I57: =INDEX(Wsad_Ofertowy[],MATCH(Generowanie_Zamówienia[[#This Row],[KOD_XL]],Wsad_Ofertowy[Kod],0),MATCH("Nazwa",Wsad_Ofertowy[#Headers],0)) -> Cor Świeca LED Rico 15cm z bateriami BIAŁA (złoty/czerwony) | J57: =Generowanie_Zamówienia[[#This Row],[ILOŚĆ OP. ZAMAWIANA]]*Generowanie_Zamówienia[[#This Row],[ILOŚC W OP.]] -> 0
A58: =Wsad_Ofertowy[[#This Row],[Kod]] -> CORT0334 | B58: =IFERROR( INDEX(INDIRECT("'"&Generowanie_Zamówienia[[#This Row],[Nazwa arkusza]]&"'!A1:S1500",TRUE), MATCH(Generowanie_Zamówienia[[#This Row],[KOD_XL]],INDIRECT("'"&Generowanie_Zamówienia[[#This Row],[Nazwa arkusza]]&"'!S1:S1500",TRUE),0), 15),0) -> 0 | C58: =INDEX(Wsad_Ofertowy[],MATCH(Generowanie_Zamówienia[[#This Row],[KOD_XL]],Wsad_Ofertowy[Kod],0),21) -> 12 | D58: {=INDEX(Wsad_Ofertowy[],MATCH(Generowanie_Zamówienia[[#This Row],[KOD_XL]],Wsad_Ofertowy[Kod],0),$U$1)} -> 5.99 | E58: =IFERROR(Generowanie_Zamówienia[[#This Row],[ILOŚĆ OP. ZAMAWIANA]]*Generowanie_Zamówienia[[#This Row],[ILOŚC W OP.]]*Generowanie_Zamówienia[[#This Row],[CENA]],"") -> 0 | F58: =INDEX(Wsad_Ofertowy[],MATCH(Generowanie_Zamówienia[[#This Row],[KOD_XL]],Wsad_Ofertowy[Kod],0),MATCH("nazwa pakietu",Wsad_Ofertowy[#Headers],0)) -> LED_WKŁADY | G58: =IF(MID(Generowanie_Zamówienia[[#This Row],[KOD_XL]],1,3)="PAK", INDEX(Cennik_pakietów[],MATCH(Generowanie_Zamówienia[[#This Row],[KOD_XL]],Cennik_pakietów[KOD COMARCH],0),MATCH("Nazwa arkusza",Cennik_pakietów[#Headers],0)), INDEX(Cennik_pakietów[],MATCH(Generowanie_Zamówienia[[#This Row],[Pakiet]],Cennik_pakietów[NAZWA PAKIETU],0),MATCH("Nazwa arkusza",Cennik_pakietów[#Headers],0))) -> wkłady_led | H58: =IF(Generowanie_Zamówienia[[#This Row],[ILOŚĆ OP. ZAMAWIANA]]>0,COUNTIFS($B$1:B58,">0"),"") | I58: =INDEX(Wsad_Ofertowy[],MATCH(Generowanie_Zamówienia[[#This Row],[KOD_XL]],Wsad_Ofertowy[Kod],0),MATCH("Nazwa",Wsad_Ofertowy[#Headers],0)) -> Cor Świeca LED Rico 15cm z bateriami BIAŁA (złoty/żółty) | J58: =Generowanie_Zamówienia[[#This Row],[ILOŚĆ OP. ZAMAWIANA]]*Generowanie_Zamówienia[[#This Row],[ILOŚC W OP.]] -> 0
A59: =Wsad_Ofertowy[[#This Row],[Kod]] -> CORT0360 | B59: =IFERROR( INDEX(INDIRECT("'"&Generowanie_Zamówienia[[#This Row],[Nazwa arkusza]]&"'!A1:S1500",TRUE), MATCH(Generowanie_Zamówienia[[#This Row],[KOD_XL]],INDIRECT("'"&Generowanie_Zamówienia[[#This Row],[Nazwa arkusza]]&"'!S1:S1500",TRUE),0), 15),0) -> 0 | C59: =INDEX(Wsad_Ofertowy[],MATCH(Generowanie_Zamówienia[[#This Row],[KOD_XL]],Wsad_Ofertowy[Kod],0),21) -> 12 | D59: {=INDEX(Wsad_Ofertowy[],MATCH(Generowanie_Zamówienia[[#This Row],[KOD_XL]],Wsad_Ofertowy[Kod],0),$U$1)} -> 5.99 | E59: =IFERROR(Generowanie_Zamówienia[[#This Row],[ILOŚĆ OP. ZAMAWIANA]]*Generowanie_Zamówienia[[#This Row],[ILOŚC W OP.]]*Generowanie_Zamówienia[[#This Row],[CENA]],"") -> 0 | F59: =INDEX(Wsad_Ofertowy[],MATCH(Generowanie_Zamówienia[[#This Row],[KOD_XL]],Wsad_Ofertowy[Kod],0),MATCH("nazwa pakietu",Wsad_Ofertowy[#Headers],0)) -> LED_WKŁADY | G59: =IF(MID(Generowanie_Zamówienia[[#This Row],[KOD_XL]],1,3)="PAK", INDEX(Cennik_pakietów[],MATCH(Generowanie_Zamówienia[[#This Row],[KOD_XL]],Cennik_pakietów[KOD COMARCH],0),MATCH("Nazwa arkusza",Cennik_pakietów[#Headers],0)), INDEX(Cennik_pakietów[],MATCH(Generowanie_Zamówienia[[#This Row],[Pakiet]],Cennik_pakietów[NAZWA PAKIETU],0),MATCH("Nazwa arkusza",Cennik_pakietów[#Headers],0))) -> wkłady_led | H59: =IF(Generowanie_Zamówienia[[#This Row],[ILOŚĆ OP. ZAMAWIANA]]>0,COUNTIFS($B$1:B59,">0"),"") | I59: =INDEX(Wsad_Ofertowy[],MATCH(Generowanie_Zamówienia[[#This Row],[KOD_XL]],Wsad_Ofertowy[Kod],0),MATCH("Nazwa",Wsad_Ofertowy[#Headers],0)) -> Cor Świeca LED Rico 15cm z bateriami CZARNA (złoto/czerwona) | J59: =Generowanie_Zamówienia[[#This Row],[ILOŚĆ OP. ZAMAWIANA]]*Generowanie_Zamówienia[[#This Row],[ILOŚC W OP.]] -> 0
... A80: =Wsad_Ofertowy[[#This Row],[Kod]] -> CORT0318 | B80: =IFERROR( INDEX(INDIRECT("'"&Generowanie_Zamówienia[[#This Row],[Nazwa arkusza]]&"'!A1:S1500",TRUE), MATCH(Generowanie_Zamówienia[[#This Row],[KOD_XL]],INDIRECT("'"&Generowanie_Zamówienia[[#This Row],[Nazwa arkusza]]&"'!S1:S1500",TRUE),0), 15),0) -> 0 | C80: =INDEX(Wsad_Ofertowy[],MATCH(Generowanie_Zamówienia[[#This Row],[KOD_XL]],Wsad_Ofertowy[Kod],0),21) -> 12 | D80: {=INDEX(Wsad_Ofertowy[],MATCH(Generowanie_Zamówienia[[#This Row],[KOD_XL]],Wsad_Ofertowy[Kod],0),$U$1)} -> 5.99 | E80: =IFERROR(Generowanie_Zamówienia[[#This Row],[ILOŚĆ OP. ZAMAWIANA]]*Generowanie_Zamówienia[[#This Row],[ILOŚC W OP.]]*Generowanie_Zamówienia[[#This Row],[CENA]],"") -> 0 | F80: =INDEX(Wsad_Ofertowy[],MATCH(Generowanie_Zamówienia[[#This Row],[KOD_XL]],Wsad_Ofertowy[Kod],0),MATCH("nazwa pakietu",Wsad_Ofertowy[#Headers],0)) -> LED_WKŁADY | G80: =IF(MID(Generowanie_Zamówienia[[#This Row],[KOD_XL]],1,3)="PAK", INDEX(Cennik_pakietów[],MATCH(Generowanie_Zamówienia[[#This Row],[KOD_XL]],Cennik_pakietów[KOD COMARCH],0),MATCH("Nazwa arkusza",Cennik_pakietów[#Headers],0)), INDEX(Cennik_pakietów[],MATCH(Generowanie_Zamówienia[[#This Row],[Pakiet]],Cennik_pakietów[NAZWA PAKIETU],0),MATCH("Nazwa arkusza",Cennik_pakietów[#Headers],0))) -> wkłady_led | H80: =IF(Generowanie_Zamówienia[[#This Row],[ILOŚĆ OP. ZAMAWIANA]]>0,COUNTIFS($B$1:B80,">0"),"") | I80: =INDEX(Wsad_Ofertowy[],MATCH(Generowanie_Zamówienia[[#This Row],[KOD_XL]],Wsad_Ofertowy[Kod],0),MATCH("Nazwa",Wsad_Ofertowy[#Headers],0)) -> Cor Wkład LED Maryja (2xR6) biały | J80: =Generowanie_Zamówienia[[#This Row],[ILOŚĆ OP. ZAMAWIANA]]*Generowanie_Zamówienia[[#This Row],[ILOŚC W OP.]] -> 0
A81: =Wsad_Ofertowy[[#This Row],[Kod]] -> CORT0221 | B81: =IFERROR( INDEX(INDIRECT("'"&Generowanie_Zamówienia[[#This Row],[Nazwa arkusza]]&"'!A1:S1500",TRUE), MATCH(Generowanie_Zamówienia[[#This Row],[KOD_XL]],INDIRECT("'"&Generowanie_Zamówienia[[#This Row],[Nazwa arkusza]]&"'!S1:S1500",TRUE),0), 15),0) -> 0 | C81: =INDEX(Wsad_Ofertowy[],MATCH(Generowanie_Zamówienia[[#This Row],[KOD_XL]],Wsad_Ofertowy[Kod],0),21) -> 12 | D81: {=INDEX(Wsad_Ofertowy[],MATCH(Generowanie_Zamówienia[[#This Row],[KOD_XL]],Wsad_Ofertowy[Kod],0),$U$1)} -> 3.15 | E81: =IFERROR(Generowanie_Zamówienia[[#This Row],[ILOŚĆ OP. ZAMAWIANA]]*Generowanie_Zamówienia[[#This Row],[ILOŚC W OP.]]*Generowanie_Zamówienia[[#This Row],[CENA]],"") -> 0 | F81: =INDEX(Wsad_Ofertowy[],MATCH(Generowanie_Zamówienia[[#This Row],[KOD_XL]],Wsad_Ofertowy[Kod],0),MATCH("nazwa pakietu",Wsad_Ofertowy[#Headers],0)) -> LED_WKŁADY | G81: =IF(MID(Generowanie_Zamówienia[[#This Row],[KOD_XL]],1,3)="PAK", INDEX(Cennik_pakietów[],MATCH(Generowanie_Zamówienia[[#This Row],[KOD_XL]],Cennik_pakietów[KOD COMARCH],0),MATCH("Nazwa arkusza",Cennik_pakietów[#Headers],0)), INDEX(Cennik_pakietów[],MATCH(Generowanie_Zamówienia[[#This Row],[Pakiet]],Cennik_pakietów[NAZWA PAKIETU],0),MATCH("Nazwa arkusza",Cennik_pakietów[#Headers],0))) -> wkłady_led | H81: =IF(Generowanie_Zamówienia[[#This Row],[ILOŚĆ OP. ZAMAWIANA]]>0,COUNTIFS($B$1:B81,">0"),"") | I81: =INDEX(Wsad_Ofertowy[],MATCH(Generowanie_Zamówienia[[#This Row],[KOD_XL]],Wsad_Ofertowy[Kod],0),MATCH("Nazwa",Wsad_Ofertowy[#Headers],0)) -> Cor Wkład LED Melius czerwony | J81: `
A82: =Wsad_Ofertowy[[#This Row],[Kod]] -> CORT0225 | B82: =IFERROR( INDEX(INDIRECT("'"&Generowanie_Zamówienia[[#This Row],[Nazwa arkusza]]&"'!A1:S1500",TRUE), MATCH(Generowanie_Zamówienia[[#This Row],[KOD_XL]],INDIRECT("'"&Generowanie_Zamówienia[[#This Row],[Nazwa arkusza]]&"'!S1:S1500",TRUE),0), 15),0) -> 0 | C82: =INDEX(Wsad_Ofertowy[],MATCH(Generowanie_Zamówienia[[#This Row],[KOD_XL]],Wsad_Ofertowy[Kod],0),21) -> 12 | D82: {=INDEX(Wsad_Ofertowy[],MATCH(Generowanie_Zamówienia[[#This Row],[KOD_XL]],Wsad_Ofertowy[Kod],0),$U$1)} -> 3.15 | E82: =IFERROR(Generowanie_Zamówienia[[#This Row],[ILOŚĆ OP. ZAMAWIANA]]*Generowanie_Zamówienia[[#This Row],[ILOŚC W OP.]]*Generowanie_Zamówienia[[#This Row],[CENA]],"") -> 0 | F82: =INDEX(Wsad_Ofertowy[],MATCH(Generowanie_Zamówienia[[#This Row],[KOD_XL]],Wsad_Ofertowy[Kod],0),MATCH("nazwa pakietu",Wsad_Ofertowy[#Headers],0)) -> LED_WKŁADY | G82: =IF(MID(Generowanie_Zamówienia[[#This Row],[KOD_XL]],1,3)="PAK", INDEX(Cennik_pakietów[],MATCH(Generowanie_Zamówienia[[#This Row],[KOD_XL]],Cennik_pakietów[KOD COMARCH],0),MATCH("Nazwa arkusza",Cennik_pakietów[#Headers],0)), INDEX(Cennik_pakietów[],MATCH(Generowanie_Zamówienia[[#This Row],[Pakiet]],Cennik_pakietów[NAZWA PAKIETU],0),MATCH("Nazwa arkusza",Cennik_pakietów[#Headers],0))) -> wkłady_led | H82: =IF(Generowanie_Zamówienia[[#This Row],[ILOŚĆ OP. ZAMAWIANA]]>0,COUNTIFS($B$1:B82,">0"),"") | I82: =INDEX(Wsad_Ofertowy[],MATCH(Generowanie_Zamówienia[[#This Row],[KOD_XL]],Wsad_Ofertowy[Kod],0),MATCH("Nazwa",Wsad_Ofertowy[#Headers],0)) -> Cor Wkład LED Melius mix kolor 2 | J82: =Generowanie_Zamówienia[[#This Row],[ILOŚĆ OP. ZAMAWIANA]]*Generowanie_Zamówienia[[#This Row],[ILOŚC W OP.]] -> 0
A83: =Wsad_Ofertowy[[#This Row],[Kod]] -> CORT0229 | B83: =IFERROR( INDEX(INDIRECT("'"&Generowanie_Zamówienia[[#This Row],[Nazwa arkusza]]&"'!A1:S1500",TRUE), MATCH(Generowanie_Zamówienia[[#This Row],[KOD_XL]],INDIRECT("'"&Generowanie_Zamówienia[[#This Row],[Nazwa arkusza]]&"'!S1:S1500",TRUE),0), 15),0) -> 0 | C83: =INDEX(Wsad_Ofertowy[],MATCH(Generowanie_Zamówienia[[#This Row],[KOD_XL]],Wsad_Ofertowy[Kod],0),21) -> 12 | D83: {=INDEX(Wsad_Ofertowy[],MATCH(Generowanie_Zamówienia[[#This Row],[KOD_XL]],Wsad_Ofertowy[Kod],0),$U$1)} -> 3.39 | E83: =IFERROR(Generowanie_Zamówienia[[#This Row],[ILOŚĆ OP. ZAMAWIANA]]*Generowanie_Zamówienia[[#This Row],[ILOŚC W OP.]]*Generowanie_Zamówienia[[#This Row],[CENA]],"") -> 0 | F83: =INDEX(Wsad_Ofertowy[],MATCH(Generowanie_Zamówienia[[#This Row],[KOD_XL]],Wsad_Ofertowy[Kod],0),MATCH("nazwa pakietu",Wsad_Ofertowy[#Headers],0)) -> LED_WKŁADY | G83: =IF(MID(Generowanie_Zamówienia[[#This Row],[KOD_XL]],1,3)="PAK", INDEX(Cennik_pakietów[],MATCH(Generowanie_Zamówienia[[#This Row],[KOD_XL]],Cennik_pakietów[KOD COMARCH],0),MATCH("Nazwa arkusza",Cennik_pakietów[#Headers],0)), INDEX(Cennik_pakietów[],MATCH(Generowanie_Zamówienia[[#This Row],[Pakiet]],Cennik_pakietów[NAZWA PAKIETU],0),MATCH("Nazwa arkusza",Cennik_pakietów[#Headers],0))) -> wkłady_led | H83: =IF(Generowanie_Zamówienia[[#This Row],[ILOŚĆ OP. ZAMAWIANA]]>0,COUNTIFS($B$1:B83,">0"),"") | I83: =INDEX(Wsad_Ofertowy[],MATCH(Generowanie_Zamówienia[[#This Row],[KOD_XL]],Wsad_Ofertowy[Kod],0),MATCH("Nazwa",Wsad_Ofertowy[#Headers],0)) -> Cor Wkład LED Melius żółty | J83: =Generowanie_Zamówienia[[#This Row],[ILOŚĆ OP. ZAMAWIANA]]*Generowanie_Zamówienia[[#This Row],[ILOŚC W OP.]] -> 0
A84: =Wsad_Ofertowy[[#This Row],[Kod]] -> CORT0408 | B84: =IFERROR( INDEX(INDIRECT("'"&Generowanie_Zamówienia[[#This Row],[Nazwa arkusza]]&"'!A1:S1500",TRUE), MATCH(Generowanie_Zamówienia[[#This Row],[KOD_XL]],INDIRECT("'"&Generowanie_Zamówienia[[#This Row],[Nazwa arkusza]]&"'!S1:S1500",TRUE),0), 15),0) -> 0 | C84: =INDEX(Wsad_Ofertowy[],MATCH(Generowanie_Zamówienia[[#This Row],[KOD_XL]],Wsad_Ofertowy[Kod],0),21) -> 12 | D84: {=INDEX(Wsad_Ofertowy[],MATCH(Generowanie_Zamówienia[[#This Row],[KOD_XL]],Wsad_Ofertowy[Kod],0),$U$1)} -> 2.35 | E84: =IFERROR(Generowanie_Zamówienia[[#This Row],[ILOŚĆ OP. ZAMAWIANA]]*Generowanie_Zamówienia[[#This Row],[ILOŚC W OP.]]*Generowanie_Zamówienia[[#This Row],[CENA]],"") -> 0 | F84: =INDEX(Wsad_Ofertowy[],MATCH(Generowanie_Zamówienia[[#This Row],[KOD_XL]],Wsad_Ofertowy[Kod],0),MATCH("nazwa pakietu",Wsad_Ofertowy[#Headers],0)) -> LED_WKŁADY | G84: =IF(MID(Generowanie_Zamówienia[[#This Row],[KOD_XL]],1,3)="PAK", INDEX(Cennik_pakietów[],MATCH(Generowanie_Zamówienia[[#This Row],[KOD_XL]],Cennik_pakietów[KOD COMARCH],0),MATCH("Nazwa arkusza",Cennik_pakietów[#Headers],0)), INDEX(Cennik_pakietów[],MATCH(Generowanie_Zamówienia[[#This Row],[Pakiet]],Cennik_pakietów[NAZWA PAKIETU],0),MATCH("Nazwa arkusza",Cennik_pakietów[#Headers],0))) -> wkłady_led | H84: =IF(Generowanie_Zamówienia[[#This Row],[ILOŚĆ OP. ZAMAWIANA]]>0,COUNTIFS($B$1:B84,">0"),"") | I84: =INDEX(Wsad_Ofertowy[],MATCH(Generowanie_Zamówienia[[#This Row],[KOD_XL]],Wsad_Ofertowy[Kod],0),MATCH("Nazwa",Wsad_Ofertowy[#Headers],0)) -> Cor Wkład LED Memor (2xR6) Czerwony | J84: =Generowanie_Zamówienia[[#This Row],[ILOŚĆ OP. ZAMAWIANA]]*Generowanie_Zamówienia[[#This Row],[ILOŚC W OP.]] -> 0
A85: =Wsad_Ofertowy[[#This Row],[Kod]] -> CORT0407 | B85: =IFERROR( INDEX(INDIRECT("'"&Generowanie_Zamówienia[[#This Row],[Nazwa arkusza]]&"'!A1:S1500",TRUE), MATCH(Generowanie_Zamówienia[[#This Row],[KOD_XL]],INDIRECT("'"&Generowanie_Zamówienia[[#This Row],[Nazwa arkusza]]&"'!S1:S1500",TRUE),0), 15),0) -> 0 | C85: =INDEX(Wsad_Ofertowy[],MATCH(Generowanie_Zamówienia[[#This Row],[KOD_XL]],Wsad_Ofertowy[Kod],0),21) -> 12 | D85: {=INDEX(Wsad_Ofertowy[],MATCH(Generowanie_Zamówienia[[#This Row],[KOD_XL]],Wsad_Ofertowy[Kod],0),$U$1)} -> 2.35 | E85: =IFERROR(Generowanie_Zamówienia[[#This Row],[ILOŚĆ OP. ZAMAWIANA]]*Generowanie_Zamówienia[[#This Row],[ILOŚC W OP.]]*Generowanie_Zamówienia[[#This Row],[CENA]],"") -> 0 | F85: =INDEX(Wsad_Ofertowy[],MATCH(Generowanie_Zamówienia[[#This Row],[KOD_XL]],Wsad_Ofertowy[Kod],0),MATCH("nazwa pakietu",Wsad_Ofertowy[#Headers],0)) -> LED_WKŁADY | G85: =IF(MID(Generowanie_Zamówienia[[#This Row],[KOD_XL]],1,3)="PAK", INDEX(Cennik_pakietów[],MATCH(Generowanie_Zamówienia[[#This Row],[KOD_XL]],Cennik_pakietów[KOD COMARCH],0),MATCH("Nazwa arkusza",Cennik_pakietów[#Headers],0)), INDEX(Cennik_pakietów[],MATCH(Generowanie_Zamówienia[[#This Row],[Pakiet]],Cennik_pakietów[NAZWA PAKIETU],0),MATCH("Nazwa arkusza",Cennik_pakietów[#Headers],0))) -> wkłady_led | H85: =IF(Generowanie_Zamówienia[[#This Row],[ILOŚĆ OP. ZAMAWIANA]]>0,COUNTIFS($B$1:B85,">0"),"") | I85: =INDEX(Wsad_Ofertowy[],MATCH(Generowanie_Zamówienia[[#This Row],[KOD_XL]],Wsad_Ofertowy[Kod],0),MATCH("Nazwa",Wsad_Ofertowy[#Headers],0)) -> Cor Wkład LED Memor (2xR6) Z.Biały | J85: =Generowanie_Zamówienia[[#This Row],[ILOŚĆ OP. ZAMAWIANA]]*Generowanie_Zamówienia[[#This Row],[ILOŚC W OP.]] -> 0
A86: =Wsad_Ofertowy[[#This Row],[Kod]] -> CORT36968 | B86: =IFERROR( INDEX(INDIRECT("'"&Generowanie_Zamówienia[[#This Row],[Nazwa arkusza]]&"'!A1:S1500",TRUE), MATCH(Generowanie_Zamówienia[[#This Row],[KOD_XL]],INDIRECT("'"&Generowanie_Zamówienia[[#This Row],[Nazwa arkusza]]&"'!S1:S1500",TRUE),0), 15),0) -> 0 | C86: =INDEX(Wsad_Ofertowy[],MATCH(Generowanie_Zamówienia[[#This Row],[KOD_XL]],Wsad_Ofertowy[Kod],0),21) -> 12 | D86: {=INDEX(Wsad_Ofertowy[],MATCH(Generowanie_Zamówienia[[#This Row],[KOD_XL]],Wsad_Ofertowy[Kod],0),$U$1)} -> 3.09 | E86: =IFERROR(Generowanie_Zamówienia[[#This Row],[ILOŚĆ OP. ZAMAWIANA]]*Generowanie_Zamówienia[[#This Row],[ILOŚC W OP.]]*Generowanie_Zamówienia[[#This Row],[CENA]],"") -> 0 | F86: =INDEX(Wsad_Ofertowy[],MATCH(Generowanie_Zamówienia[[#This Row],[KOD_XL]],Wsad_Ofertowy[Kod],0),MATCH("nazwa pakietu",Wsad_Ofertowy[#Headers],0)) -> LED_WKŁADY | G86: =IF(MID(Generowanie_Zamówienia[[#This Row],[KOD_XL]],1,3)="PAK", INDEX(Cennik_pakietów[],MATCH(Generowanie_Zamówienia[[#This Row],[KOD_XL]],Cennik_pakietów[KOD COMARCH],0),MATCH("Nazwa arkusza",Cennik_pakietów[#Headers],0)), INDEX(Cennik_pakietów[],MATCH(Generowanie_Zamówienia[[#This Row],[Pakiet]],Cennik_pakietów[NAZWA PAKIETU],0),MATCH("Nazwa arkusza",Cennik_pakietów[#Headers],0))) -> wkłady_led | H86: =IF(Generowanie_Zamówienia[[#This Row],[ILOŚĆ OP. ZAMAWIANA]]>0,COUNTIFS($B$1:B86,">0"),"") | I86: =INDEX(Wsad_Ofertowy[],MATCH(Generowanie_Zamówienia[[#This Row],[KOD_XL]],Wsad_Ofertowy[Kod],0),MATCH("Nazwa",Wsad_Ofertowy[#Headers],0)) -> Cor Wkład LED Minor ciepły biały | J86: =Generowanie_Zamówienia[[#This Row],[ILOŚĆ OP. ZAMAWIANA]]*Generowanie_Zamówienia[[#This Row],[ILOŚC W OP.]] -> 0
A87: =Wsad_Ofertowy[[#This Row],[Kod]] -> CORT28512A | B87: =IFERROR( INDEX(INDIRECT("'"&Generowanie_Zamówienia[[#This Row],[Nazwa arkusza]]&"'!A1:S1500",TRUE), MATCH(Generowanie_Zamówienia[[#This Row],[KOD_XL]],INDIRECT("'"&Generowanie_Zamówienia[[#This Row],[Nazwa arkusza]]&"'!S1:S1500",TRUE),0), 15),0) -> 0 | C87: =INDEX(Wsad_Ofertowy[],MATCH(Generowanie_Zamówienia[[#This Row],[KOD_XL]],Wsad_Ofertowy[Kod],0),21) -> 12 | D87: {=INDEX(Wsad_Ofertowy[],MATCH(Generowanie_Zamówienia[[#This Row],[KOD_XL]],Wsad_Ofertowy[Kod],0),$U$1)} -> 3.09 | E87: =IFERROR(Generowanie_Zamówienia[[#This Row],[ILOŚĆ OP. ZAMAWIANA]]*Generowanie_Zamówienia[[#This Row],[ILOŚC W OP.]]*Generowanie_Zamówienia[[#This Row],[CENA]],"") -> 0 | F87: =INDEX(Wsad_Ofertowy[],MATCH(Generowanie_Zamówienia[[#This Row],[KOD_XL]],Wsad_Ofertowy[Kod],0),MATCH("nazwa pakietu",Wsad_Ofertowy[#Headers],0)) -> LED_WKŁADY | G87: =IF(MID(Generowanie_Zamówienia[[#This Row],[KOD_XL]],1,3)="PAK", INDEX(Cennik_pakietów[],MATCH(Generowanie_Zamówienia[[#This Row],[KOD_XL]],Cennik_pakietów[KOD COMARCH],0),MATCH("Nazwa arkusza",Cennik_pakietów[#Headers],0)), INDEX(Cennik_pakietów[],MATCH(Generowanie_Zamówienia[[#This Row],[Pakiet]],Cennik_pakietów[NAZWA PAKIETU],0),MATCH("Nazwa arkusza",Cennik_pakietów[#Headers],0))) -> wkłady_led | H87: =IF(Generowanie_Zamówienia[[#This Row],[ILOŚĆ OP. ZAMAWIANA]]>0,COUNTIFS($B$1:B87,">0"),"") | I87: =INDEX(Wsad_Ofertowy[],MATCH(Generowanie_Zamówienia[[#This Row],[KOD_XL]],Wsad_Ofertowy[Kod],0),MATCH("Nazwa",Wsad_Ofertowy[#Headers],0)) -> Cor Wkład LED Minor czerwony | J87: =Generowanie_Zamówienia[[#This Row],[ILOŚĆ OP. ZAMAWIANA]]*Generowanie_Zamówienia[[#This Row],[ILOŚC W OP.]] -> 0
A88: =Wsad_Ofertowy[[#This Row],[Kod]] -> CORT0404 | B88: =IFERROR( INDEX(INDIRECT("'"&Generowanie_Zamówienia[[#This Row],[Nazwa arkusza]]&"'!A1:S1500",TRUE), MATCH(Generowanie_Zamówienia[[#This Row],[KOD_XL]],INDIRECT("'"&Generowanie_Zamówienia[[#This Row],[Nazwa arkusza]]&"'!S1:S1500",TRUE),0), 15),0) -> 0 | C88: =INDEX(Wsad_Ofertowy[],MATCH(Generowanie_Zamówienia[[#This Row],[KOD_XL]],Wsad_Ofertowy[Kod],0),21) -> 12 | D88: {=INDEX(Wsad_Ofertowy[],MATCH(Generowanie_Zamówienia[[#This Row],[KOD_XL]],Wsad_Ofertowy[Kod],0),$U$1)} -> 2.89 | E88: =IFERROR(Generowanie_Zamówienia[[#This Row],[ILOŚĆ OP. ZAMAWIANA]]*Generowanie_Zamówienia[[#This Row],[ILOŚC W OP.]]*Generowanie_Zamówienia[[#This Row],[CENA]],"") -> 0 | F88: =INDEX(Wsad_Ofertowy[],MATCH(Generowanie_Zamówienia[[#This Row],[KOD_XL]],Wsad_Ofertowy[Kod],0),MATCH("nazwa pakietu",Wsad_Ofertowy[#Headers],0)) -> LED_WKŁADY | G88: =IF(MID(Generowanie_Zamówienia[[#This Row],[KOD_XL]],1,3)="PAK", INDEX(Cennik_pakietów[],MATCH(Generowanie_Zamówienia[[#This Row],[KOD_XL]],Cennik_pakietów[KOD COMARCH],0),MATCH("Nazwa arkusza",Cennik_pakietów[#Headers],0)), INDEX(Cennik_pakietów[],MATCH(Generowanie_Zamówienia[[#This Row],[Pakiet]],Cennik_pakietów[NAZWA PAKIETU],0),MATCH("Nazwa arkusza",Cennik_pakietów[#Headers],0))) -> wkłady_led | H88: =IF(Generowanie_Zamówienia[[#This Row],[ILOŚĆ OP. ZAMAWIANA]]>0,COUNTIFS($B$1:B88,">0"),"") | I88: =INDEX(Wsad_Ofertowy[],MATCH(Generowanie_Zamówienia[[#This Row],[KOD_XL]],Wsad_Ofertowy[Kod],0),MATCH("Nazwa",Wsad_Ofertowy[#Headers],0)) -> Cor Wkład LED Minor Czerwony | J88: =Generowanie_Zamówienia[[#This Row],[ILOŚĆ OP. ZAMAWIANA]]*Generowanie_Zamówienia[[#This Row],[ILOŚC W OP.]] -> 0
A89: =Wsad_Ofertowy[[#This Row],[Kod]] -> CORT36883A | B89: =IFERROR( INDEX(INDIRECT("'"&Generowanie_Zamówienia[[#This Row],[Nazwa arkusza]]&"'!A1:S1500",TRUE), MATCH(Generowanie_Zamówienia[[#This Row],[KOD_XL]],INDIRECT("'"&Generowanie_Zamówienia[[#This Row],[Nazwa arkusza]]&"'!S1:S1500",TRUE),0), 15),0) -> 0 | C89: =INDEX(Wsad_Ofertowy[],MATCH(Generowanie_Zamówienia[[#This Row],[KOD_XL]],Wsad_Ofertowy[Kod],0),21) -> 12 | D89: {=INDEX(Wsad_Ofertowy[],MATCH(Generowanie_Zamówienia[[#This Row],[KOD_XL]],Wsad_Ofertowy[Kod],0),$U$1)} -> 2.89 | E89: =IFERROR(Generowanie_Zamówienia[[#This Row],[ILOŚĆ OP. ZAMAWIANA]]*Generowanie_Zamówienia[[#This Row],[ILOŚC W OP.]]*Generowanie_Zamówienia[[#This Row],[CENA]],"") -> 0 | F89: =INDEX(Wsad_Ofertowy[],MATCH(Generowanie_Zamówienia[[#This Row],[KOD_XL]],Wsad_Ofertowy[Kod],0),MATCH("nazwa pakietu",Wsad_Ofertowy[#Headers],0)) -> LED_WKŁADY | G89: =IF(MID(Generowanie_Zamówienia[[#This Row],[KOD_XL]],1,3)="PAK", INDEX(Cennik_pakietów[],MATCH(Generowanie_Zamówienia[[#This Row],[KOD_XL]],Cennik_pakietów[KOD COMARCH],0),MATCH("Nazwa arkusza",Cennik_pakietów[#Headers],0)), INDEX(Cennik_pakietów[],MATCH(Generowanie_Zamówienia[[#This Row],[Pakiet]],Cennik_pakietów[NAZWA PAKIETU],0),MATCH("Nazwa arkusza",Cennik_pakietów[#Headers],0))) -> wkłady_led | H89: =IF(Generowanie_Zamówienia[[#This Row],[ILOŚĆ OP. ZAMAWIANA]]>0,COUNTIFS($B$1:B89,">0"),"") | I89: =INDEX(Wsad_Ofertowy[],MATCH(Generowanie_Zamówienia[[#This Row],[KOD_XL]],Wsad_Ofertowy[Kod],0),MATCH("Nazwa",Wsad_Ofertowy[#Headers],0)) -> Cor Wkład LED Minor z.biały | J89: =Generowanie_Zamówienia[[#This Row],[ILOŚĆ OP. ZAMAWIANA]]*Generowanie_Zamówienia[[#This Row],[ILOŚC W OP.]] -> 0
A90: =Wsad_Ofertowy[[#This Row],[Kod]] -> CORT0400 | B90: =IFERROR( INDEX(INDIRECT("'"&Generowanie_Zamówienia[[#This Row],[Nazwa arkusza]]&"'!A1:S1500",TRUE), MATCH(Generowanie_Zamówienia[[#This Row],[KOD_XL]],INDIRECT("'"&Generowanie_Zamówienia[[#This Row],[Nazwa arkusza]]&"'!S1:S1500",TRUE),0), 15),0) -> 0 | C90: =INDEX(Wsad_Ofertowy[],MATCH(Generowanie_Zamówienia[[#This Row],[KOD_XL]],Wsad_Ofertowy[Kod],0),21) -> 12 | D90: {=INDEX(Wsad_Ofertowy[],MATCH(Generowanie_Zamówienia[[#This Row],[KOD_XL]],Wsad_Ofertowy[Kod],0),$U$1)} -> 3.09 | E90: =IFERROR(Generowanie_Zamówienia[[#This Row],[ILOŚĆ OP. ZAMAWIANA]]*Generowanie_Zamówienia[[#This Row],[ILOŚC W OP.]]*Generowanie_Zamówienia[[#This Row],[CENA]],"") -> 0 | F90: =INDEX(Wsad_Ofertowy[],MATCH(Generowanie_Zamówienia[[#This Row],[KOD_XL]],Wsad_Ofertowy[Kod],0),MATCH("nazwa pakietu",Wsad_Ofertowy[#Headers],0)) -> LED_WKŁADY | G90: =IF(MID(Generowanie_Zamówienia[[#This Row],[KOD_XL]],1,3)="PAK", INDEX(Cennik_pakietów[],MATCH(Generowanie_Zamówienia[[#This Row],[KOD_XL]],Cennik_pakietów[KOD COMARCH],0),MATCH("Nazwa arkusza",Cennik_pakietów[#Headers],0)), INDEX(Cennik_pakietów[],MATCH(Generowanie_Zamówienia[[#This Row],[Pakiet]],Cennik_pakietów[NAZWA PAKIETU],0),MATCH("Nazwa arkusza",Cennik_pakietów[#Headers],0))) -> wkłady_led | H90: =IF(Generowanie_Zamówienia[[#This Row],[ILOŚĆ OP. ZAMAWIANA]]>0,COUNTIFS($B$1:B90,">0"),"") | I90: =INDEX(Wsad_Ofertowy[],MATCH(Generowanie_Zamówienia[[#This Row],[KOD_XL]],Wsad_Ofertowy[Kod],0),MATCH("Nazwa",Wsad_Ofertowy[#Headers],0)) -> Cor Wkład LED Minor zmieniający | J90: =Generowanie_Zamówienia[[#This Row],[ILOŚĆ OP. ZAMAWIANA]]*Generowanie_Zamówienia[[#This Row],[ILOŚC W OP.]] -> 0
